companyLabel,countryLabel,shipsBuilt
Верфь Hyundai Mipo,Республика Корея,1480
Hyundai Heavy Industries,Республика Корея,1113
Hanwha Ocean,Республика Корея,1105
Q1571257,Великобритания,832
Samsung Heavy Industries,Республика Корея,831
Q7106621,Япония,753
Q2642233,Великобритания,743
Q11502552,Япония,739
Q11481552,Япония,600
Q489251,Республика Корея,586
Imabari Shipbuilding,Япония,566
Q877321,Германия,555
Harland and Wolff,Великобритания,432
Q15411288,Китай,382
Q1700840,Великобритания,339
Q85913512,Япония,336
Swan Hunter,Великобритания,309
Q1189406,Норвегия,304
Q5613742,Китай,302
Q115168196,Китай,299
Q5210936,Китай,287
Bath Iron Works,США,280
Q703928,Китайская Республика (Тайвань),280
Bethlehem Shipbuilding,США,273
Q11415470,Япония,273
Q85717793,Нидерланды,272
Sasebo Heavy Industries,Япония,267
Q60045486,Китай,267
Fincantieri,Италия,266
Русенский судостроительный завод,Болгария,265
Q11484094,Япония,262
Hanjin Heavy Industries,Республика Корея,259
Howaldtswerke-Deutsche Werft,Германия,258
Cammell Laird,Великобритания,256
Japan Marine United,Япония,255
Щецинская судоверфь имени Адольфа Варского,Польша,247
Верфь Китая CSC Jinling Shipyard,Китай,243
Q11282532,Япония,234
Blohm + Voss,Германия,227
Q11250929,,227
Nordic Yards Wismar,Германия,224
John Brown & Company,Великобритания,223
Цзяннаньский судостроительный завод,Китай,222
Newport News Shipbuilding,США,220
Q85718221,Япония,218
Ingalls Shipbuilding,США,216
Q11465503,Япония,216
Q4978195,Польша,210
Q11590668,Япония,204
Красное Сормово,Россия,203
Q60390540,Китай,201
Q8637936,Китай,195
Q634984,США,193
AG Vulcan Stettin,Веймарская республика,193
AG Vulcan Stettin,Германская империя,193
Q578212,Словакия,191
Q115155504,Республика Корея,190
Bremer Vulkan,Германия,189
Bremer Vulkan,Германский рейх,189
Q1778277,Дания,188
Yarrow Shipbuilders,Великобритания,187
Yarrow Shipbuilders,Соединённое королевство Великобритании и Ирландии,187
Q5163305,США,185
Q6198710,Япония,184
Q1393251,Великобритания,180
Mitsubishi Heavy Industries,Япония,180
Q11357146,Япония,180
Q4686063,Румыния,180
Q11502553,Япония,180
Q11395932,Япония,178
Q2638839,Нидерланды,178
Q12744193,Румыния,174
Q889816,Нидерланды,173
Q90155277,Великобритания,173
Гданьская судоверфь,Польша,171
William Denny and Brothers,Великобритания,170
Q60392782,Китай,170
Chantiers de l'Atlantique,Франция,168
New York Shipbuilding,США,165
Sumitomo Heavy Industries,Япония,165
Q115162051,Китай,165
Q19827622,Дания,163
Mitsubishi Heavy Industries Nagasaki Shipyard & Machinery,Япония,162
Q14715404,США,159
Заводы Шихау,Пруссия,155
Заводы Шихау,Германский рейх,155
Q17193673,Япония,155
Q11419682,Япония,153
Meyer Werft,Германия,152
Q323531,Германия,151
Uljanik,Хорватия,150
Uljanik,Австро-Венгрия,150
Uljanik,Югославия,150
William Cramp and Sons,США,149
Зеленодольский завод имени А. М. Горького,,148
Nordic Yards Warnemünde,Германия,148
Neptun Werft,Германия,147
Boston Navy Yard,США,143
Армстронг Уитуорт,Великобритания,143
Cestné a Stavebné Mechanizmy Tisovec,Словакия,143
Q11592949,Япония,141
Северная верфь,Россия,140
Q11407898,Япония,138
Q13403563,Китай,137
Nordseewerke,Германия,131
"R. & W. Hawthorn, Leslie and Company",Великобритания,129
Q11401869,Япония,129
Jiangsu Hantong Ship Heavy Industry,Китай,129
Q11544607,Япония,129
Todd Pacific Shipyards,США,127
Q2297404,Хорватия,126
Q2297404,Австро-Венгрия,126
Q2297404,Югославия,126
Q11522869,Япония,126
Q5208288,Румыния,123
Vickers-Armstrongs,Великобритания,123
Q11269026,Япония,123
Bethlehem Steel,США,122
Q1408079,Швеция,122
Бурмейстер и Вайн,Дания,121
Q882348,Германия,121
Q109461966,Китай,120
Q53909604,Китай,120
Q3437865,Норвегия,117
Germaniawerft,Германский рейх,114
AG Weser,Германия,114
AG Weser,Германский рейх,114
John I. Thornycroft & Company,Великобритания,111
Schichau Seebeck,Германия,110
Николаевский судостроительный завод,Украина,110
Чатемская верфь,Великобритания,109
Q483564,Республика Корея,109
Балтийский завод,Россия,107
Q8207463,Япония,107
Бродосплит,Хорватия,106
Q2079531,Германия,106
Q5389052,Швеция,105
Q17217132,Япония,105
Q1774285,Норвегия,105
Черноморский судостроительный завод,Украина,104
Q18338801,Япония,104
Avondale Shipyards,США,103
Q5976644,США,103
Девонпорт (военно-морская база),Великобритания,103
Flender Werke,Германия,102
Flender Werke,Нацистская Германия,102
Flender Werke,Германский рейх,102
Варненский судостроительный завод,Болгария,102
Q1673509,Германия,99
Q24204847,Великобритания,99
Fore River Shipyard,США,99
Q115322850,Япония,98
Karlskronavarvet,Швеция,96
Q100235343,Нидерланды,95
Q56239675,Нидерланды,95
Q2477530,Норвегия,95
Q5629591,Филиппины,95
Kawasaki Heavy Industries,Япония,94
Q11957113,Норвегия,92
Портсмут,Великобритания,92
Société Nouvelle des Forges et Chantiers de la Méditerranée,Франция,91
Austal,Австралия,90
Нью-Йоркская военно-морская верфь,США,90
Соломбальская верфь (казённая мануфактура),Российская империя,90
Wärtsilä,Финляндия,89
Q1559702,Швеция,89
Q52265373,Норвегия,88
Q617597,Великобритания,87
IHI Corporation,Япония,86
Q5305967,США,85
Palmers Shipbuilding and Iron Company,Великобритания,85
Q2578500,Великобритания,85
Адмиралтейские верфи,Россия,84
Q1676408,Великобритания,84
Херсонский судостроительный завод,Украина,82
Permanente Metals,США,82
Q827085,Германия,81
Q2298785,Нидерланды,81
Ольборгская судоверфь,Дания,80
Q3200761,Норвегия,80
Q106351770,Китай,80
Q11535794,Япония,80
Q1973983,Нидерланды,79
Scotts Shipbuilding and Engineering Company,Великобритания,79
National Steel and Shipbuilding Company,США,79
Военно-морская верфь Филадельфии,США,78
American Ship Building Company,США,78
Hyundai Vinashin Shipyard,Вьетнам,78
Q1826035,Германия,77
Q12002778,Норвегия,75
Elbewerft Boizenburg,ГДР,75
Q2594517,Нидерланды,74
Q24887178,Япония,74
Sun Shipbuilding & Drydock Co.,США,73
Q56231733,Япония,73
Q261421,Германия,73
Q11466212,Япония,73
Q113462651,Япония,73
Q4976260,США,72
Gio. Ansaldo & C.,Италия,72
Q1289733,Великобритания,71
Q55947781,Норвегия,71
Q18549846,Румыния,71
Q17190616,Япония,71
Q116689843,США,71
Q1720581,Нидерланды,70
Q1790613,,70
Q1369698,Португалия,70
Q7054594,США,69
Q52288275,Норвегия,68
Q4861094,Нидерланды,68
Q2666279,Германия,68
Q5251665,США,67
Q5871699,Япония,67
Bethlehem Fairfield Shipyard,,67
Волгоградский судостроительный завод,Россия,67
Charleston Naval Shipyard,США,66
Q20710586,США,66
Barclay Curle,Великобритания,65
Ferguson Shipbuilders,Великобритания,65
Q56161333,Нидерланды,65
Q1126024,Польша,65
Q316438,Германия,64
Q316438,Нацистская Германия,64
Q316438,Веймарская республика,64
Q316438,Германская империя,64
Q316438,Германский рейх,64
Судостроительная корпорация Сиэтл-Такома,США,64
Q5260949,Великобритания,64
Q10727553,Швеция,63
Q3655748,Италия,63
Incat,Австралия,63
Q2813947,Япония,63
Q47109032,Норвегия,63
Q9266563,Польша,63
Q5020962,США,63
Q11632310,Япония,63
Q1267285,Германия,62
Q6883239,Япония,62
Q1453164,Дания,62
ИХЦ,Нидерланды,61
Q1631703,Германия,61
Q1631703,Германский рейх,61
Q11890180,Финляндия,61
Q1746543,Великобритания,61
Q2210573,ГДР,61
Q5147321,Канада,61
Q17749542,Норвегия,61
Майдзуру,Япония,60
Naval Group,Франция,60
Q11989662,Норвегия,60
Q2956389,Канада,60
Q7885783,США,60
Q1158347,Нидерланды,59
Q3505627,Великобритания,59
Q2593294,Великобритания,59
Q1604557,Дания,58
Q3655767,Италия,58
Q28721321,Китай,58
Q52503328,Норвегия,57
Q301348,Дания,57
Q7988166,США,56
Выборгский судостроительный завод,Россия,56
Q3655776,Италия,56
Q30931022,Китай,56
Q104520543,Нидерланды,56
Q52287703,Норвегия,56
Q11294418,Япония,56
Q6103890,,56
Norfolk Naval Shipyard,США,55
Военно-морской арсенал в Йокосуке,Японская империя,55
Stabilimento Tecnico Triestino,,55
Meyer Turku,Финляндия,55
Q55402501,Румыния,55
Q12740726,Румыния,54
Арсенал в Картахене,Испания,54
Q18343360,Норвегия,54
Q1025914,Великобритания,53
Damen Shipyards Group,Нидерланды,53
Q318326,Германия,53
Q318326,Германский рейх,53
Q2295400,Великобритания,53
Q16575033,Испания,51
Q5541573,США,50
Q20065184,Великобритания,50
Q1439358,Норвегия,50
Q114403355,Республика Корея,50
Q84609765,Нидерланды,50
Дешимаг,Нацистская Германия,49
Дешимаг,Веймарская республика,49
Q6351825,Норвегия,49
Q111972124,Португалия,49
Mare Island NSY,США,48
Q845144,Норвегия,48
Q889362,Германия,48
Q621541,Великобритания,48
Q1032384,Канада,48
Q248036,Великобритания,48
Q22266452,Испания,48
Q11162731,Норвегия,48
Q623503,Великобритания,47
Q14329180,Германия,47
Q17773943,Норвегия,47
Виккерс,Великобритания,47
Q1747787,Германия,47
Q1747787,Германский рейх,47
Q56249339,Нидерланды,47
Q108941303,Испания,47
Q56605049,Китай,47
Oregon Shipbuilding Corporation,США,47
Q52276032,Норвегия,46
Q11394144,Япония,46
Q1297442,Норвегия,45
Янтарь (судостроительный завод),Россия,45
Lürssen Werft,Германия,45
Q3817603,Финляндия,45
Q50136501,Норвегия,45
Q763386,Франция,44
Q1606052,Дания,44
Q6104202,Великобритания,44
Q5166879,Великобритания,44
William Gray & Company,Великобритания,43
Q1063973,Великобритания,43
Q278500,Великобритания,43
Q54986759,Испания,43
Q1250754,Германия,43
Q52280075,Норвегия,43
Q56121072,Китай,43
Q14552001,Германия,42
Q6379823,Япония,42
Арсенал флота в Сасэбо,Япония,42
Q17772480,Норвегия,42
Q52279283,Дания,42
Q17083313,Турция,42
Q11962478,Норвегия,41
Q11503599,Япония,41
Q10562558,Швеция,40
Q84419790,Китай,40
Valmet,Финляндия,39
Austal USA,США,39
Q52278903,Норвегия,39
Remontowa Shipbuilding,Польша,39
Керченский судостроительный завод,Россия,39
Керченский судостроительный завод,Украина,39
STX Finland,Финляндия,39
Q7963812,США,39
Q113698960,Индия,39
Navantia,Испания,38
Военно-морской арсенал Куре,Япония,38
Q2868912,Франция,38
Q2463762,Испания,38
Невский завод,Россия,38
Q4898067,США,38
Q52286492,Норвегия,38
Q16842471,Великобритания,37
Q1552142,Германия,37
Q6478434,США,37
Vickers Limited,Великобритания,37
Q3437441,Швеция,37
Q2742109,Испания,37
Q6908150,США,37
Q17145634,США,37
Q2279275,Нидерланды,36
Puget Sound Naval Shipyard,США,36
Q1397597,Германия,36
Joh. C. Tecklenborg,Германия,36
Cantieri Riuniti dell'Adriatico,Италия,36
Q1026563,Великобритания,36
Q21192982,Италия,36
Q55071917,Нидерланды,36
Кузница на Рыбальском,Украина,36
Q5095516,Нидерланды,36
Q2560213,Германия,35
Q1612886,Германия,35
Q27957424,Великобритания,35
Q26710910,Нидерланды,35
Q28569825,Великобритания,34
Q6764149,Канада,34
Hollming,Финляндия,34
Q108744148,Нидерланды,34
Warnowwerft Warnemünde,ГДР,34
Lockheed Shipbuilding and Construction Company,США,34
Q5522292,Индия,34
Q4680167,Румыния,34
Q805723,Литва,34
Штулкен,Германия,33
Штулкен,Германский рейх,33
Q2814406,Япония,33
Q2956394,Франция,33
Q7106970,Швеция,33
Q15637769,Польша,33
Q891830,Индия,33
Cantieri Aeronautici e Navali Triestini,Королевство Италия,33
Q16536357,Италия,33
Q10448832,Китай,33
Karstensens Skibsværft,Дания,33
Q3655760,Италия,32
Ateliers et Chantiers de la Loire,Франция,32
Q7325319,Великобритания,32
Q20653412,Швеция,32
Q22101730,Франция,32
Q14683274,США,32
Тулон,Франция,31
Vickers Shipbuilding and Engineering,Великобритания,31
Q11874481,Финляндия,31
Q30687989,США,31
Q17537921,Франция,31
Q2043455,Германия,31
Q122182243,Россия,31
Q531348,Германия,30
Q637673,Нидерланды,30
Q56432811,Испания,30
Q20112666,Норвегия,30
Q8350285,Испания,30
Q652491,Германия,30
АО «Окская Судоверфь»,,30
Q7535498,США,29
Q277630,Великобритания,29
Брест,Франция,29
Q5000378,Канада,29
Q104520574,Нидерланды,29
Crichton-Vulcan,Финляндия,29
Q12358532,Финляндия,28
Q10577472,Швеция,28
Q946123,Нидерланды,28
Marinette Marine,США,28
Q5599444,США,28
Q11990799,Дания,28
Q2234114,Германия,28
Q22120466,Япония,28
Q25425169,Норвегия,28
Q25511937,Норвегия,28
Q56012145,Италия,28
Q2956390,Индия,27
Q17101117,Великобритания,27
Q83981618,Нидерланды,27
Натанаэль Грин Херрешофф,,27
American Bridge Company,США,27
Österreichische Schiffswerften AG,Австрия,26
Q6535665,США,26
Q2151069,Великобритания,26
Q11613289,Япония,26
Q107072485,Китай,26
Q16565979,Испания,25
Q1003299,Норвегия,25
Q3077291,Франция,25
Q11158393,Норвегия,25
Q1475066,Великобритания,25
Q1959394,Германия,25
Q29093553,США,25
Q4866203,США,25
Q1442711,Канада,25
Q87594828,Испания,25
Q17209885,Япония,25
Q12716462,Норвегия,24
Q5658399,США,24
Q1342306,Великобритания,24
Q1145749,Нидерланды,24
Q6102195,Испания,24
Q23042271,Норвегия,24
Q7330990,США,23
Q49961350,Бельгия,23
Q11382415,Япония,23
Q1564994,Франция,23
Q11972223,Норвегия,23
Рошфор,Франция,23
Q6917118,Швеция,23
Q5139443,Великобритания,23
Q17011535,Канада,23
Q24860611,Япония,23
Odero-Terni-Orlando,Италия,23
Q1333820,Германия,22
Q889813,Нидерланды,22
Q11982099,Норвегия,22
Q47109392,Норвегия,22
Q109101856,Нидерланды,22
Q820324,Швеция,22
Mort's Dock,Австралия,22
Cochin Shipyard,Индия,22
Q4804169,Чили,22
Q7926851,Канада,22
Q115162063,Китай,22
Q6175323,США,22
Q5707447,Норвегия,22
Q61389895,Испания,22
Лорьян,Франция,21
Q2258010,Бельгия,21
Q8010773,Великобритания,21
Q18287543,Швеция,21
Q47136413,Норвегия,21
Q14548994,Германия,21
Q19374770,Норвегия,21
Q50942088,Нидерланды,21
Q115162004,Турция,21
Q2688471,Нидерланды,21
Q7681729,США,20
Q2506669,Великобритания,20
Q2868909,Франция,20
Q14685545,США,20
Судоверфь Кавасаки,Японская империя,20
Q12718333,Норвегия,20
Deutsche Werke,Германский рейх,20
Кралевица,Хорватия,20
Q809584,Великобритания,20
Q17328871,Нидерланды,20
Q688581,Германия,20
Q52278699,Норвегия,20
Q31843822,Хорватия,20
Q57312653,Индонезия,20
Гороховецкий судостроительный завод,Россия,20
Ильичевский судоремонтный завод,Украина,20
Q1678193,Германия,19
Q13188857,Германия,19
Q2597892,США,19
Portsmouth NSY,США,19
Q109478920,Нидерланды,19
Q7987425,Норвегия,19
Q10275472,Бразилия,19
Q3348682,Нидерланды,19
Q2615597,,18
Huntington Ingalls Industries,США,18
Q48816402,Великобритания,18
Electric Launch Company,США,18
Umoe Mandal,Норвегия,18
Q30299580,Норвегия,18
Q102436595,Япония,18
Q1008067,Венгрия,18
Q47121131,Норвегия,18
Q52502362,Норвегия,18
Q1151382,Великобритания,17
Вильям Генри Вебб,,17
Q1016857,Великобритания,17
Q3655764,Италия,17
Q52502053,Норвегия,17
Q108102011,Турция,17
Q118908044,Нидерланды,17
Kaiserliche Werft Wilhelmshaven,Германия,17
Kaiserliche Werft Wilhelmshaven,Германская империя,17
Kaiserliche Werft Kiel,Германская империя,17
Уильямстаунская верфь,Австралия,17
Q1417678,Швеция,17
Q47209820,Норвегия,17
Q3389169,Франция,17
Q20552874,Норвегия,17
Q127634403,,17
Q1322196,Германия,17
Q5148015,Шри-Ланка,17
Q5131143,Великобритания,17
Q4732597,Канада,17
Q54165931,США,17
Пелла (завод),Россия,17
ОСТОН - завод имени С.М. Кирова,Россия,17
Q5588432,Великобритания,16
Schlichting-Werft,Германия,16
Q886896,Великобритания,16
Q5604346,Великобритания,16
Q7987421,Норвегия,16
Q10718975,Швеция,16
Q61770120,Турция,16
Q6227785,Великобритания,16
Q52502635,Норвегия,16
Q16821144,США,16
Q61861374,Испанская империя,16
Q52276452,Норвегия,16
Q60989335,Китай,16
Q63381408,Республика Корея,16
Q56161578,Сербия,16
Q127687084,Китай,16
Q47121943,Норвегия,16
Q5253340,,15
Q377674,Польша,15
Q7889627,США,15
Ярославский судостроительный завод,,15
Q75521129,Япония,15
Astillero Río Santiago,Аргентина,15
Q1543070,Великобритания,15
Q56436442,Нидерланды,15
Q52277460,Норвегия,15
Q97178247,Испания,15
Q128381292,Китай,15
Q18343358,Норвегия,15
Q22126509,Япония,15
Q47108746,Норвегия,15
Q20112906,Норвегия,15
Q105572387,Соединённое королевство Великобритании и Ирландии,15
Q10313115,Сингапур,15
Q4939795,США,14
Q3155843,Италия,14
Q10474862,Швеция,14
Дональд Маккей,,14
Q880959,Великобритания,14
Q2535390,Германия,14
Q20715102,США,14
Q47091902,Норвегия,14
Q54621315,,14
Q17750722,Норвегия,14
Seattle Construction and Drydock Company,США,14
Q7007381,США,14
Northrop Grumman Ship Systems,США,14
Q55998846,Турция,14
Walter Hood and Company,Великобритания,14
Q1547220,,13
Q5575109,Индия,13
Q12317546,Дания,13
Q60607376,Германия,13
Q897756,Германия,13
Q6663729,Великобритания,13
Q56239761,Нидерланды,13
Петрозавод,Россия,13
Q7226025,Канада,13
Walkers Limited,Австралия,13
Q10364786,Япония,13
Q22101733,Канада,13
Q61779982,Турция,13
Q3523533,Индия,13
Судостроительный завод «Океан»,Украина,13
Q20391268,Египет,13
Q2868911,Франция,13
Q47455441,Норвегия,13
Q56711451,Норвегия,13
Q21036308,Германия,12
Q3432552,Дания,12
Q1882681,Нидерланды,12
Q2279934,Великобритания,12
Q1475054,Великобритания,12
Q297870,Чили,12
Q7060207,США,12
Q3276860,Испания,12
Q5092878,США,12
Q5415904,Австралия,12
Q11543253,Япония,12
Q22101742,,12
Амурский судостроительный завод,Россия,12
Q131460976,Нидерланды,12
Q2956410,Франция,12
Q5709680,Испания,12
Q6137738,Великобритания,12
Alabama Drydock and Shipbuilding Company,США,12
Q7673985,США,12
Q6413598,Канада,12
Q2803924,Нидерланды,12
Q2166272,Великобритания,12
Q86718824,Норвегия,12
Q52503428,Норвегия,12
Q5895125,Китай,12
Q11288022,Великобритания,11
Q1229954,Германия,11
Q1229954,Германский рейх,11
Burmester Werft,Германия,11
Cockerill-Ougrée,Бельгия,11
Северное машиностроительное предприятие,Россия,11
Q6671056,Великобритания,11
Q7699876,,11
Q7224811,,11
Q4783172,Египет,11
Q60738807,Австралия,11
Q60429308,Япония,11
Q5458598,Великобритания,11
Q106366881,Швеция,11
Q5241717,Канада,11
Q8048969,Китай,11
Q6236952,США,11
Q115573248,Нидерланды,11
Q1280552,Великобритания,11
Q5348836,Норвегия,11
Q2792393,Бельгия,11
Q52263416,Норвегия,11
Q18029550,Нидерланды,11
Q121688957,Нидерланды,11
Q7449144,,11
Q26837618,Япония,11
Q1030916,Великобритания,10
Q1432254,Германия,10
Q6750274,США,10
Q654971,Нидерланды,10
Джейкоб Аарон Вестервельт,,10
Q2235333,Германия,10
Q7418903,Япония,10
Q56277974,Китай,10
Q106202080,Испания,10
Q118110475,Нидерланды,10
Q6503764,США,10
Q115670336,Нидерланды,10
Q124542421,Нидерланды,10
Q3460164,Франция,10
Q5895169,Китай,10
Q84569580,Нидерланды,10
Kriegsmarinewerft Wilhelmshaven,Германия,10
Q6105655,США,10
Mitsubishi,Япония,10
Q18160199,Соединённое королевство Великобритании и Ирландии,10
Q10542877,Швеция,10
Q2926119,Великобритания,10
Q3655757,Италия,10
Q122732470,Нидерланды,10
Q131983362,Бельгия,10
Q6802713,,10
Q99693171,Турция,10
Q135243132,Нидерланды,10
Q109028505,Испания,10
Q16569543,Испания,10
Chantiers et Ateliers Augustin Normand,Франция,10
Q114762497,Бразилия,10
Q17334709,Финляндия,10
Q6104227,,10
Q5152503,США,10
Q10589643,Швеция,10
Q114799410,Португалия,10
Q111058859,Нидерланды,10
Q123865141,Китай,10
Q16606610,Испания,10
Q26258863,Чехия,10
Perini Navi,Италия,10
Heesen Yachts,Нидерланды,10
Q28229446,Италия,10
Q672038,Швейцария,9
Q2438322,Великобритания,9
Q19373646,Норвегия,9
Q7705226,Османская империя,9
Q11899761,Финляндия,9
Q124463941,Финляндия,9
Q20065205,Великобритания,9
Q113571407,Нидерланды,9
Q369524,Венгрия,9
Q5079045,Великобритания,9
Q64932699,США,9
Q126907859,Китай,9
Q4650301,Индия,9
St. Johns River Shipbuilding Company,США,9
Кастелламмаре-ди-Стабия,Италия,9
Q7228607,,9
Ленинградский металлический завод,,9
Dyle et Bacalan,,9
Q126366138,США,9
Q52502852,Норвегия,9
Q1769508,Германия,9
Q870276,Германия,9
Q57305687,Норвегия,9
Рижская судоверфь,Латвия,9
Q795618,Германия,9
Q111633923,Нидерланды,9
Q2931199,Франция,9
Q55949449,Норвегия,9
Q56612012,Сингапур,9
Q86667732,Италия,9
Q1362430,Германия,8
Q1682990,Германия,8
Q4796418,Бразилия,8
Q6860129,Великобритания,8
Q15229083,Великобритания,8
Q2205021,Германия,8
Q2205021,Германский рейх,8
Q115264430,Норвегия,8
Q1021814,Германия,8
Q94972314,,8
Q3326593,Испания,8
Q14927575,Норвегия,8
Q58456899,Франция,8
Q6254386,Великобритания,8
Q2175087,Германия,8
Q2251525,Германия,8
Q60619888,Германия,8
Специя,Италия,8
Вашингтонская военно-морская верфь,США,8
Сен-Мало,Франция,8
Пульман,США,8
Арсенал Фучжоу,Китай,8
Q110655590,Швеция,8
Q10852472,Норвегия,8
Q54165966,Норвегия,8
Q20061713,Португалия,8
Q10318915,Португалия,8
Q3655744,Италия,8
Q134413277,Болгария,8
Q1715166,Германия,8
Q124423258,Китай,8
Q111725979,Польская Народная Республика,8
Q19896633,,8
Q2235344,Германия,8
Q47087469,Норвегия,8
Q4937616,Швеция,8
Q1455638,Германия,8
Q7987797,,8
Q107072312,Китай,8
Q67083915,Норвегия,8
Q122212865,Нидерланды,8
Q15635042,Германия,8
Q15635042,ГДР,8
Q812277,Германия,7
Q1549803,Великобритания,7
Q1795881,Германия,7
Q15054446,Италия,7
Q2289924,Великобритания,7
Средне-Невский судостроительный завод,Россия,7
Карлйохансверн,Норвегия,7
Q9350999,Польша,7
Q124463215,Нидерланды,7
Q845786,Бельгия,7
Q320058,Веймарская республика,7
Q2235342,Австрия,7
Q109367900,Нидерланды,7
COSCO,Китай,7
Astarsa,Аргентина,7
Q16489077,Испания,7
Q124281878,Нидерланды,7
Q1583714,Германия,7
Q18622932,Эстония,7
Q7603186,Австралия,7
Q5348781,Норвегия,7
Q4834527,Великобритания,7
Q36878065,Чехия,7
Q2499714,Великобритания,7
Q7231035,Канада,7
Q2956386,Франция,7
Кировский завод,Россия,7
General Dynamics,США,7
Q111892206,США,7
Q107663081,США,7
Q22672082,,7
Q7640197,Республика Корея,7
Q6402927,Бангладеш,7
Q23870433,Финляндия,7
Q16178368,Республика Корея,7
Q16178368,Генерал-губернаторство Корея,7
Q15883932,Нидерланды,7
Q55855572,Китай,7
Q3295104,Италия,7
Q6068515,,7
Q54874672,,7
Q1497107,Германия,7
Q15844307,Германия,7
Q1065535,Великобритания,6
Q5221477,Вольный город Данциг,6
Джеймс Бьюкенен Идс,,6
Q4700638,Норвегия,6
Бенетти,Италия,6
Судостроительная фирма «Алмаз»,Россия,6
Arctech Helsinki Shipyard,Финляндия,6
Бордо,Франция,6
Q112567704,США,6
Q11557417,Япония,6
Q7301399,США,6
Море,Россия,6
Море,Украина,6
Q128934855,Нидерланды,6
Keppel Corporation,Сингапур,6
Q11357149,Япония,6
Военно-морской арсенал в городе Лорьян,Франция,6
Шербур-Октевиль,Франция,6
Q5149939,США,6
Q110417803,,6
Q2868910,Франция,6
Q1563326,Германия,6
Q109803205,Нидерланды,6
Q1673688,Германия,6
Q22671523,Германия,6
Q7545370,Канада,6
Q43082510,Финляндия,6
Q43082510,Российская империя,6
Q55956844,Норвегия,6
Николаевское адмиралтейство,Украина,6
Q8016906,,6
Q85817257,Турция,6
Q7569501,США,6
Q4884035,США,6
Q134397568,США,6
Q358236,Германия,6
Q4834532,США,6
Q135243259,Нидерланды,6
Q10680683,Швеция,6
China Merchants,Китай,6
Q136910929,Республика Корея,6
Сен-Назер,Франция,6
Q90428675,Норвегия,6
Q658546,Франция,6
Израильские верфи,Израиль,6
Q22569571,Нидерланды,6
Китайская корпорация тяжелого судостроения,Китай,6
Q16295511,Великобритания,6
Q124159675,Дания,6
Q2880314,Германия,6
Q2880314,Германский рейх,6
Q25382933,Великобритания,6
Q1184638,Германия,6
Q134077306,Нидерланды,6
Q59535663,Польша,6
Q16536348,Италия,6
Q16323193,Дания,6
Q4700633,США,6
Q107974496,Германия,6
Q1979526,Германия,5
Q50335714,Нидерланды,5
Q10474960,Швеция,5
Q12501564,Индонезия,5
Alstom,Франция,5
Q95509547,Франция,5
Q97219031,Турция,5
Tenix Pty Limited,Австралия,5
Mitsui Group,Япония,5
J & G Thomson,,5
JFE Holdings,Япония,5
Q2126194,Нидерланды,5
Q7676048,Китай,5
Q95511941,Франция,5
Q6350748,Норвегия,5
Голландская Ост-Индская компания,Республика Соединённых провинций,5
Арсенал,Италия,5
Пендик,Турция,5
Q6964934,Великобритания,5
Q130425493,Индонезия,5
Q3655755,Италия,5
Q11964703,Дания,5
Q6241099,,5
Q1485970,Королевство Пруссия,5
Q1485970,Вольный город Данциг,5
Q1537695,Великобритания,5
Q2956404,Франция,5
Q105443139,Германия,5
Q1103714,Великобритания,5
Q5358613,Греция,5
Венеция,Италия,5
Q11502551,Япония,5
Philip and Son,Великобритания,5
Q2262344,,5
Q1540429,Великобритания,5
Q12310534,,5
Q97695107,Бельгия,5
Q125206384,Египет,5
Q124546881,Испания,5
Q56235954,Сербия,5
Q7197204,,5
Q6449578,Великобритания,5
Q4666725,,5
Q67076454,,5
Q10520540,Швеция,5
Джон Коккериль,Бельгия,5
Q12338285,Дания,5
Q124418673,Китай,5
Q104879512,Великобритания,5
Q4816484,США,5
Q61384576,Испания,5
Q8003294,США,5
Генри Экфорд,,5
Q118641169,Нидерланды,5
Q30638410,Финляндия,5
Q54211259,Норвегия,5
Q12310586,Дания,5
Q27972486,Германия,5
Гавр,Франция,5
Q54202065,Норвегия,5
BHP Billiton,Австралия,5
Q113279667,Нидерланды,5
Севастопольский морской завод,Россия,5
Севастопольский морской завод,Украина,5
Q1322484,Швеция,5
Q28225567,,5
Q2043009,Нидерланды,5
Q17747474,Мальта,5
Q47147176,Норвегия,5
Q6818390,США,5
Hanwha,Республика Корея,5
Q56239772,Сербия,5
Q1471588,Венгрия,5
Q2235329,Германия,5
Q6791346,,5
Q28686830,Япония,5
Cargill,США,5
Q107125988,Германия,5
Q1466588,Германия,5
Q1466588,Германский рейх,5
Q9070190,Испания,5
Q130899678,Китайская Республика (Тайвань),5
Русское общество пароходства и торговли,Российская империя,4
Q19869166,Швеция,4
Electric Boat,США,4
Q7258923,США,4
Q6711338,Швеция,4
Q10417437,Швеция,4
Q11794307,Польша,4
Q11794307,Германия,4
Q13529962,,4
Великобритания,Великобритания,4
Кралевица,Хорватия,4
Q11875321,Финляндия,4
Q65691188,Норвегия,4
STX Europe,Норвегия,4
Q4916181,,4
Q125257676,Нидерланды,4
Q7963831,Австралия,4
Q44061496,Великобритания,4
Q15127417,Германия,4
Q135182495,Нидерланды,4
Q1676324,,4
Q1699354,Великобритания,4
Q4648105,Великобритания,4
Q3394955,Испания,4
Q744233,Бельгия,4
Hellenic Shipyards,Греция,4
Q6140548,,4
Q5270598,США,4
Q15273435,Великобритания,4
Q16889827,,4
Q3655770,Италия,4
Q6889166,Индия,4
Q113516515,Испания,4
Иранские военно-морские верфи,Иран,4
Q76189317,Франция,4
Q1252846,Испания,4
Q65048320,США,4
Q19582082,,4
Николаев,Украина,4
Q6367782,Пакистан,4
Q113652740,Германия,4
Q5617478,Объединённые Арабские Эмираты,4
Калькутта,Индия,4
Бристоль,Великобритания,4
Q124420670,Республика Корея,4
Воронежское адмиралтейство,,4
Q6117813,США,4
Q122517306,Нидерланды,4
Q113575643,США,4
Q52158840,США,4
Q3655739,,4
Q23074227,США,4
Q134312411,США,4
Q16994055,Великобритания,4
Q7491068,Швеция,4
Q6348465,США,4
Q110947883,Нидерланды,4
Q1778280,Норвегия,4
Q122574939,Китай,4
Q87412644,Португалия,4
Q137647902,Великобритания,4
Рига,Латвия,4
Главное адмиралтейство в Санкт-Петербурге,Россия,4
Q2235336,Германия,4
Q57305668,Фарерские острова,4
Oto Melara,Италия,4
Воткинский завод,Россия,4
Q1973764,Германия,4
Q25067052,Нидерланды,4
Q109412511,Китай,4
Babcock International,Великобритания,4
Q135318427,Швеция,4
Q2148016,Германия,4
Астраханская судоверфь,Россия,4
Q115051301,Нидерланды,4
Карлин,Чехия,4
Q56121139,Португалия,4
Q1263383,Германия,4
Q2283968,Германия,4
Q16218256,Польша,4
Q17107791,Канада,4
Q59240911,,4
Q116766227,Норвегия,4
Q7621806,Мексика,4
Q15844308,Германия,4
Q48913642,,4
Q84362563,Китай,4
Q21505614,Великобритания,4
Q22100733,Китайская Республика (Тайвань),4
Larsen & Toubro,Индия,4
Q10275470,Бразилия,4
Q1000042,Германия,3
Q16993938,Великобритания,3
Абовская верфь,Швеция,3
Абовская верфь,Российская империя,3
Todd Pacific Shipyards,США,3
Хельсингёр,Дания,3
Ла-Сейн-сюр-Мер,Франция,3
Messageries Maritimes,Франция,3
Sulzer,Швейцария,3
Q30926102,Япония,3
Q127869050,Нидерланды,3
Q16644259,Франция,3
Q8016655,Великобритания,3
Q113555582,Нидерланды,3
Сондерс-Ро,Великобритания,3
Hitachi,Япония,3
Q6246213,,3
Q131628529,Филиппины,3
Q763331,Германия,3
Q12676301,Литва,3
Джеймс Хэкетт,,3
Q2567444,Германия,3
China State Shipbuilding Corporation,Китай,3
Q61466812,,3
ZPMC,Китай,3
Коломенский завод,Россия,3
Q85230816,Португалия,3
Q7942030,Великобритания,3
Филадельфия,США,3
Нант,Франция,3
Q18688137,Нидерланды,3
Q105019750,Финляндия,3
ST Engineering,Сингапур,3
Q7390381,Перу,3
Q54166003,Норвегия,3
Q66,США,3
Q7176371,,3
Q6914000,Австралия,3
Британская Ост-Индская компания,Соединённое королевство Великобритании и Ирландии,3
Q10303899,Бразилия,3
Санкт-Петербург,Россия,3
BAE Systems Australia,Австралия,3
Q6491503,,3
Q112623574,Португалия,3
Q2235355,Германия,3
Q7150076,,3
Q124485935,Финляндия,3
Q131565008,Китай,3
Daewoo,Республика Корея,3
Q87200290,,3
Q4834525,Великобритания,3
Q6741882,Малайзия,3
Q4751314,Бангладеш,3
Q5649928,,3
Q134077070,,3
Q197494,Великобритания,3
Q5083351,США,3
"Дин, Энтони (старший)",,3
China Shipping Group,Китай,3
Q43025422,Франция,3
Q15198738,США,3
Q129427764,Нидерланды,3
BAE Systems,Великобритания,3
Q25382955,Великобритания,3
William R. Trigg Company,США,3
Q16999013,США,3
Q135243112,,3
Q57404752,Сингапур,3
Q1307846,Соединённое королевство Великобритании и Ирландии,3
Q5184424,США,3
Q126002066,США,3
San Francisco Naval Shipyard,США,3
Schneider et Cie,Франция,3
Q65071133,,3
Q5757002,,3
Q9345905,Польша,3
Q116922394,Турция,3
Континентальная армия,США,3
Континентальная армия,Тринадцать колоний,3
Q54165976,Норвегия,3
Q3700534,Чехия,3
Q115129334,Турция,3
Q3230256,Франция,3
Q52682784,Норвегия,3
Ла-Сьота,Франция,3
Q100605830,Норвегия,3
Нидерланды,Королевство Нидерландов,3
Q19385839,Норвегия,3
Q7928998,США,3
Q54175541,Норвегия,3
Q12312210,,3
Невский судостроительно-судоремонтный завод,Россия,3
Q4834533,Великобритания,3
Q67012767,,3
Q96115461,,3
Халич (верфь),Турция,3
Q10670563,Швеция,3
Q19889154,,3
Q65059654,Китай,3
Q86838057,Нидерланды,3
Q105872374,Германия,3
Q478752,Нидерланды,3
Q20474542,Турция,3
Q22019485,,3
Q95477088,Франция,3
Q11956623,Норвегия,3
Q9630884,Португалия,3
Q5155378,Португалия,3
Q30634547,,3
Q109680518,Новая Зеландия,3
Q62063411,Китай,3
Q47108264,Норвегия,3
Q106103966,Вьетнам,3
Икорецкая верфь,,3
Q12744192,,3
Q52317584,Норвегия,3
Q25028459,,3
Q1260447,Германия,3
Павловская верфь,,3
Q19904469,,3
Q19958736,Швеция,3
Q25100782,Италия,3
Q124570430,Хорватия,3
Q136647792,Канада,3
Q90154854,Великобритания,3
Q86718418,Норвегия,3
Thales,Франция,3
Q34417933,Германия,3
Q34417933,Германский рейх,3
Q131138062,Португалия,3
Q65072048,Финляндия,3
