companyLabel,countryLabel,shipsBuilt,avgLength,latestYear
Верфь Hyundai Mipo,Республика Корея,1495,205.68521433494141971744,2025
Hyundai Heavy Industries,Республика Корея,1154,273.60609205776173285199,2025
Hanwha Ocean,Республика Корея,1143,279.90446034639927073838,2024
Samsung Heavy Industries,Республика Корея,876,281.80228855140186915888,2024
Q1571257,Великобритания,832,80.70944444444444444444,1991
Q7106621,Япония,755,201.94165698478561549101,2024
Q11502552,Япония,745,154.32316155988857938719,2020
Q2642233,Великобритания,743,48.87,1959
Q489251,Республика Корея,609,281.78475716694772344013,2022
Q11481552,Япония,602,203.62010238907849829352,2025
Q877321,Германия,583,106.03675977653631284916,2020
Imabari Shipbuilding,Япония,568,192.3612406015037593985,2025
Harland and Wolff,Великобритания,435,180.07898230088495575221,2003
Q15411288,Китай,383,215.09774782608695652174,2025
Q1700840,Великобритания,339,58.9,1983
Q85913512,Япония,336,212.77106382978723404255,2018
Swan Hunter,Великобритания,310,157.578515625,2007
Q1189406,Норвегия,309,113.3490625,1978
Q5613742,Китай,305,186.78269230769230769231,2024
Q115168196,Китай,299,243.87418556701030927835,2024
Q5210936,Китай,294,240.96476727272727272727,2024
Q703928,Китайская Республика (Тайвань),286,242.46634848484848484848,2025
Fincantieri,Италия,285,214.38080632411067193676,2025
Bath Iron Works,США,281,219.21517241379310344828,2005
Bethlehem Shipbuilding,США,274,166.57161290322580645161,1974
Q11415470,Япония,274,239.07568773234200743494,2018
Q85717793,Нидерланды,273,46.48482905982905982906,2017
Q60045486,Китай,267,296.8207196969696969697,2024
Sasebo Heavy Industries,Япония,267,237.80039682539682539683,2020
Hanjin Heavy Industries,Республика Корея,265,243.57684765625,2019
Русенский судостроительный завод,Болгария,265,99.905078125,2011
Q11484094,Япония,264,259.09118110236220472441,2025
Howaldtswerke-Deutsche Werft,Германия,260,186.86852380952380952381,2010
Cammell Laird,Великобритания,258,128.98581395348837209302,2019
Japan Marine United,Япония,257,223.69613924050632911392,2024
Щецинская судоверфь имени Адольфа Варского,Польша,249,163.27147321428571428571,2011
Верфь Китая CSC Jinling Shipyard,Китай,248,175.74392083333333333333,2020
Q11282532,Япония,235,260.71171296296296296296,2013
Blohm + Voss,Германия,234,147.24757225433526011561,2025
Цзяннаньский судостроительный завод,Китай,228,203.37539247311827956989,2025
Nordic Yards Wismar,Германия,227,173.14627358490566037736,2021
Q11250929,,227,252.46356164383561643836,2017
Newport News Shipbuilding,США,226,615.83473684210526315789,2009
John Brown & Company,Великобритания,226,168.06530612244897959184,2013
Q85718221,Япония,219,183.13238805970149253731,2021
Ingalls Shipbuilding,США,217,191.45574468085106382979,2005
Q11465503,Япония,217,190.43893203883495145631,2023
Q4978195,Польша,214,183.72868932038834951456,2009
Q11590668,Япония,204,154.00783505154639175258,2020
Красное Сормово,Россия,203,127.35326424870466321244,2021
Q60390540,Китай,201,164.14512105263157894737,2018
AG Vulcan Stettin,Веймарская республика,195,131.67316455696202531646,1926
AG Vulcan Stettin,Германская империя,195,131.67316455696202531646,1926
Q8637936,Китай,195,175.39170588235294117647,2021
Q578212,Словакия,194,89.95295081967213114754,2012
Q634984,США,193,139.628,1959
Bremer Vulkan,Германия,192,273.35472972972972972973,2000
Bremer Vulkan,Германский рейх,192,273.35472972972972972973,2000
Q115155504,Республика Корея,190,190.30931284916201117318,2017
Yarrow Shipbuilders,Великобритания,188,112.92485714285714285714,2002
Yarrow Shipbuilders,Соединённое королевство Великобритании и Ирландии,188,112.92485714285714285714,2002
Q1778277,Дания,188,261.81134502923976608187,2012
Q11357146,Япония,187,241.44438202247191011236,2011
Q4686063,Румыния,185,106.39394444444444444444,2020
Q5163305,США,185,143.40888888888888888889,1958
Q6198710,Япония,184,223.99254437869822485207,2003
Mitsubishi Heavy Industries,Япония,183,189.90079365079365079365,2020
Q1393251,Великобритания,182,152.54916666666666666667,1966
Chantiers de l'Atlantique,Франция,181,288.633325,2026
Q11395932,Япония,181,169.88993902439024390244,2020
Q11502553,Япония,181,190.78971428571428571429,2023
Q2638839,Нидерланды,179,102.798125,2023
Q12744193,Румыния,174,119.08047058823529411765,2005
Гданьская судоверфь,Польша,173,138.47083333333333333333,2014
Q889816,Нидерланды,173,94.44238095238095238095,2024
Q90155277,Великобритания,173,0,1924
William Denny and Brothers,Великобритания,172,105.22634615384615384615,1978
Q60392782,Китай,170,193.0576375,2021
New York Shipbuilding,США,168,418.00776774193548387097,1977
Q115162051,Китай,166,158.0067962962962962963,2022
Meyer Werft,Германия,165,2630.77537414965986394558,2025
Sumitomo Heavy Industries,Япония,165,225.93717948717948717949,2022
Mitsubishi Heavy Industries Nagasaki Shipyard & Machinery,Япония,163,238.01932203389830508475,2021
Q19827622,Дания,163,79.861125,2003
Q14715404,США,159,100,1948
Uljanik,Хорватия,156,171.01572413793103448276,2019
Uljanik,Австро-Венгрия,156,171.01572413793103448276,2019
Uljanik,Югославия,156,171.01572413793103448276,2019
Q17193673,Япония,156,181.34319727891156462585,2020
Заводы Шихау,Пруссия,155,115.38396226415094339623,1938
Заводы Шихау,Германский рейх,155,115.38396226415094339623,1938
Q11419682,Япония,153,158.30448529411764705882,2022
Nordic Yards Warnemünde,Германия,152,175.60489655172413793103,2011
Q323531,Германия,151,163.96852713178294573643,2022
William Cramp and Sons,США,149,1350.99857142857142857143,1930
Зеленодольский завод имени А. М. Горького,,148,67.53333333333333333333,1991
Neptun Werft,Германия,147,197.39101694915254237288,2025
Северная верфь,Россия,145,106.77844444444444444444,2010
Армстронг Уитуорт,Великобритания,144,136.53477272727272727273,1927
Boston Navy Yard,США,143,88.4,1945
Cestné a Stavebné Mechanizmy Tisovec,Словакия,143,109.88353383458646616541,1992
Q11592949,Япония,141,123.68688888888888888889,2022
Q11407898,Япония,139,186.2607518796992481203,2022
Q13403563,Китай,139,119.0439781021897810219,2024
Nordseewerke,Германия,134,172.11677419354838709677,2013
Q5208288,Румыния,130,205.32,2017
Q11401869,Япония,130,138.1147619047619047619,2023
"R. & W. Hawthorn, Leslie and Company",Великобритания,129,125.94733333333333333333,1968
Q11544607,Япония,129,105.828359375,2014
Jiangsu Hantong Ship Heavy Industry,Китай,129,201.14482926829268292683,2022
Todd Pacific Shipyards,США,127,116.41666666666666666667,2014
Vickers-Armstrongs,Великобритания,126,166.82279411764705882353,2010
Q882348,Германия,126,154.18326923076923076923,2016
Q2297404,Хорватия,126,173.92933684210526315789,2023
Q2297404,Австро-Венгрия,126,173.92933684210526315789,2023
Q2297404,Югославия,126,173.92933684210526315789,2023
Q11522869,Япония,126,100.49508064516129032258,2014
Q53909604,Китай,125,159.7574032258064516129,2018
Бурмейстер и Вайн,Дания,124,186.13775280898876404494,1995
Николаевский судостроительный завод,Украина,123,155.3562962962962962963,2008
Q11269026,Япония,123,156.32808695652173913043,2020
Q1408079,Швеция,122,192.200625,2012
Bethlehem Steel,США,122,188.13090909090909090909,1989
Q109461966,Китай,120,66.63641025641025641026,2017
Балтийский завод,Россия,118,168.82867924528301886792,2022
Черноморский судостроительный завод,Украина,118,171.99784313725490196078,2014
Q3437865,Норвегия,118,108.04872093023255813953,2010
Germaniawerft,Германский рейх,117,107.19666666666666666667,1940
Schichau Seebeck,Германия,116,127.70235849056603773585,2011
AG Weser,Германия,114,146.81147727272727272727,1981
AG Weser,Германский рейх,114,146.81147727272727272727,1981
Чатемская верфь,Великобритания,111,71.45571428571428571429,1941
Бродосплит,Хорватия,111,165.94990740740740740741,2018
John I. Thornycroft & Company,Великобритания,111,104.3572,1965
Q483564,Республика Корея,111,238.79708333333333333333,2018
Q17217132,Япония,108,200.88673076923076923077,2023
Q8207463,Япония,108,112.22916666666666666667,2016
Q2079531,Германия,107,87.55555555555555555556,2009
Q1774285,Норвегия,106,106.87563106796116504854,2019
Q5389052,Швеция,106,151.71111111111111111111,1978
Flender Werke,Германия,105,157.87410989010989010989,2003
Flender Werke,Нацистская Германия,105,157.87410989010989010989,2003
Flender Werke,Германский рейх,105,157.87410989010989010989,2003
Девонпорт (военно-морская база),Великобритания,104,121.48578947368421052632,1970
Q18338801,Япония,104,98.23107843137254901961,2015
Q1673509,Германия,103,114.78734693877551020408,2009
Avondale Shipyards,США,103,194.20916666666666666667,2006
Q5976644,США,103,146.90428571428571428571,1945
Q24204847,Великобритания,102,70.81333333333333333333,1916
Варненский судостроительный завод,Болгария,102,158.01472527472527472527,2012
Fore River Shipyard,США,100,483.005,1985
Q115322850,Япония,98,255.36846938775510204082,2018
Портсмут,Великобритания,97,127.92038461538461538462,1968
Karlskronavarvet,Швеция,96,63.97222222222222222222,2012
Kawasaki Heavy Industries,Япония,95,183.62467532467532467532,2020
Q2477530,Норвегия,95,90.55152173913043478261,2021
Q100235343,Нидерланды,95,93.58703296703296703297,2023
Q56239675,Нидерланды,95,91.9343010752688172043,2017
Q5629591,Филиппины,95,278.08271276595744680851,2019
Q11957113,Норвегия,94,136.94294117647058823529,1971
Нью-Йоркская военно-морская верфь,США,92,487.12857142857142857143,1941
Société Nouvelle des Forges et Chantiers de la Méditerranée,Франция,91,122.2268,1965
Q52265373,Норвегия,91,93.87171590909090909091,2020
Соломбальская верфь (казённая мануфактура),Российская империя,91,46.95,1856
Wärtsilä,Финляндия,90,143.41627906976744186047,1998
Austal,Австралия,90,64.305745,2021
Q1559702,Швеция,89,152.38982456140350877193,1988
Адмиралтейские верфи,Россия,88,153.97423076923076923077,2012
Palmers Shipbuilding and Iron Company,Великобритания,87,110.266,1944
Q617597,Великобритания,87,136.60405405405405405405,1967
IHI Corporation,Япония,86,232.18108108108108108108,2012
Q116689843,США,86,82.00204767441860465116,2018
Q2578500,Великобритания,85,169.24,1985
Q5305967,США,85,0,1945
Q1676408,Великобритания,84,104.58125,1965
Q2298785,Нидерланды,84,140.55666666666666666667,2003
Q106351770,Китай,84,194.8155125,2020
Q1289733,Великобритания,83,79.15103448275862068966,1912
Permanente Metals,США,83,140.37333333333333333333,1953
Ольборгская судоверфь,Дания,82,106.35753424657534246575,1996
Q827085,Германия,82,107.93381578947368421053,2015
Херсонский судостроительный завод,Украина,82,157.12985714285714285714,2013
Q1826035,Германия,81,131.82743243243243243243,2011
Scotts Shipbuilding and Engineering Company,Великобритания,80,126.6715,1976
Q3200761,Норвегия,80,51.74959459459459459459,2018
Q11535794,Япония,80,89.84810126582278481013,2013
National Steel and Shipbuilding Company,США,79,215.75177777777777777778,2021
Q1973983,Нидерланды,79,193.41887323943661971831,1982
Военно-морская верфь Филадельфии,США,79,141.66964,2004
American Ship Building Company,США,78,261.31882352941176470588,1986
Hyundai Vinashin Shipyard,Вьетнам,78,192.67791666666666666667,2022
Elbewerft Boizenburg,ГДР,76,89.13507936507936507937,2003
Q2594517,Нидерланды,76,117.8577027027027027027,2011
Q12002778,Норвегия,76,90.15714285714285714286,1930
Sun Shipbuilding & Drydock Co.,США,74,192.305,1991
Q24887178,Япония,74,273.74140845070422535211,2014
Q261421,Германия,73,134.62142857142857142857,2013
Q56231733,Япония,73,94.16239436619718309859,2011
Q113462651,Япония,73,98.19054794520547945205,2015
Q11466212,Япония,73,76.67123287671232876712,2013
Gio. Ansaldo & C.,Италия,72,157.33972972972972972973,1965
Q2666279,Германия,72,97.61913043478260869565,2018
Q1790613,,72,84.3630303030303030303,2021
Q1369698,Португалия,72,111.07162318840579710145,2009
Q18549846,Румыния,72,102.34171830985915492958,2020
Q55947781,Норвегия,72,87.61115277777777777778,2021
Q4976260,США,72,0,1942
Q56161333,Нидерланды,71,77.82802816901408450704,2017
Q17190616,Япония,71,176.27435483870967741935,2020
Q1720581,Нидерланды,70,93.26536231884057971014,2024
Q52288275,Норвегия,69,88.94984615384615384615,2019
Q7054594,США,69,139.9,1945
Q4861094,Нидерланды,68,86.57712121212121212121,2019
Q5871699,Япония,67,164.24733333333333333333,1999
Q5251665,США,67,154.66666666666666666667,1970
Bethlehem Fairfield Shipyard,,67,144.74235294117647058824,1973
Волгоградский судостроительный завод,Россия,67,108.248515625,2018
Q5260949,Великобритания,66,53.10857142857142857143,1869
Charleston Naval Shipyard,США,66,138.71666666666666666667,1944
Q20710586,США,66,215.305,2022
Q316438,Германия,65,168.3944,1969
Q316438,Нацистская Германия,65,168.3944,1969
Q316438,Веймарская республика,65,168.3944,1969
Q316438,Германская империя,65,168.3944,1969
Q316438,Германский рейх,65,168.3944,1969
Barclay Curle,Великобритания,65,178.86785714285714285714,1966
Q3655748,Италия,65,162.25266666666666666667,2015
Q1126024,Польша,65,168.12954098360655737705,2009
Ferguson Shipbuilders,Великобритания,65,83.93557692307692307692,2016
Incat,Австралия,64,88.76370967741935483871,2021
ИХЦ,Нидерланды,64,120.08819672131147540984,2016
Судостроительная корпорация Сиэтл-Такома,США,64,134.3,1950
Q5020962,США,64,151.46958333333333333333,1945
Q1267285,Германия,63,59.05576271186440677966,2001
Q2813947,Япония,63,145.09368421052631578947,2000
Q9266563,Польша,63,85.76443333333333333333,2025
Q10727553,Швеция,63,138.78723404255319148936,2000
Q47109032,Норвегия,63,94.55457627118644067797,2023
Q11632310,Япония,63,86.80031746031746031746,2015
Q1158347,Нидерланды,62,134.70838709677419354839,2012
Q1453164,Дания,62,119.51035087719298245614,1999
Q6883239,Япония,62,196.28603773584905660377,2017
Q1604557,Дания,61,122.0174576271186440678,1983
Q1631703,Германия,61,151.30964912280701754386,1980
Q1631703,Германский рейх,61,151.30964912280701754386,1980
Q11989662,Норвегия,61,67.07490196078431372549,2002
Q2210573,ГДР,61,84.55465517241379310345,1993
Q1746543,Великобритания,61,170.07421052631578947368,1970
Q5147321,Канада,61,185.97485714285714285714,2015
Q11890180,Финляндия,61,96.86140350877192982456,1991
Q17749542,Норвегия,61,88.17283333333333333333,2018
Naval Group,Франция,60,147.53648648648648648649,2016
Q2956389,Канада,60,157.84769230769230769231,1986
Q7885783,США,60,4410,1918
Q28721321,Китай,60,174.32696491228070175439,2022
Майдзуру,Япония,60,118.85,
Q3505627,Великобритания,59,86.81714285714285714286,1932
Q2593294,Великобритания,59,51.45,1868
Q301348,Дания,59,83.63036363636363636364,2008
Meyer Turku,Финляндия,58,161.91707272727272727273,2026
Q3655767,Италия,58,117.33206896551724137931,1981
Q52503328,Норвегия,58,69.41392857142857142857,2018
Q7988166,США,57,138.8025,1944
Q11294418,Япония,57,125.50814814814814814815,2011
Stabilimento Tecnico Triestino,,56,160.24210526315789473684,1920
Norfolk Naval Shipyard,США,56,535.147,1995
Выборгский судостроительный завод,Россия,56,109.96442307692307692308,2020
Q52287703,Норвегия,56,92.74740740740740740741,2021
Q3655776,Италия,56,163.463125,2024
Q104520543,Нидерланды,56,38.54,2019
Q6103890,,56,134.6,1945
Q30931022,Китай,56,172.27386792452830188679,2023
Q18343360,Норвегия,55,137.66307692307692307692,2010
Военно-морской арсенал в Йокосуке,Японская империя,55,205.5499375,1944
Q55402501,Румыния,55,100.17796296296296296296,2020
Q16575033,Испания,54,137.06851063829787234043,2022
Арсенал в Картахене,Испания,54,107.286,1936
Q12740726,Румыния,54,77.95,2021
Q318326,Германия,53,42.07521739130434782609,2025
Q318326,Германский рейх,53,42.07521739130434782609,2025
Damen Shipyards Group,Нидерланды,53,97.83465116279069767442,2023
Q2295400,Великобритания,53,97.85454545454545454545,1982
Q111972124,Португалия,53,54.19361702127659574468,2014
Q1025914,Великобритания,53,123.8225,1920
Q1439358,Норвегия,52,120.73923076923076923077,2015
Q114403355,Республика Корея,51,266.12733333333333333333,2023
Q20065184,Великобритания,50,159.37777777777777777778,1931
Q5541573,США,50,0,1901
Q84609765,Нидерланды,50,53.384,2012
Q621541,Великобритания,49,76.85638297872340425532,2003
Mare Island NSY,США,49,160.968125,1930
Дешимаг,Нацистская Германия,49,127.90469696969696969697,1939
Дешимаг,Веймарская республика,49,127.90469696969696969697,1939
Q6351825,Норвегия,49,134.08862068965517241379,1991
Q845144,Норвегия,48,81.57409090909090909091,1982
Q22266452,Испания,48,40.99021276595744680851,2016
Q1032384,Канада,48,243.9225,1966
Q108941303,Испания,48,60.70347826086956521739,2012
Q248036,Великобритания,48,73.41,2000
Q11162731,Норвегия,48,180.58394736842105263158,1979
Q56605049,Китай,48,142.08180851063829787234,2019
Q889362,Германия,48,49.99206521739130434783,2003
Q623503,Великобритания,47,165.47058823529411764706,1930
Виккерс,Великобритания,47,173.58533333333333333333,2003
Oregon Shipbuilding Corporation,США,47,200.74555555555555555556,1964
Q1747787,Германия,47,114.81720930232558139535,1986
Q1747787,Германский рейх,47,114.81720930232558139535,1986
Q56249339,Нидерланды,47,90.61244444444444444444,2002
Q17773943,Норвегия,47,145.90028571428571428571,1987
Янтарь (судостроительный завод),Россия,47,109.9456,2018
Q50136501,Норвегия,47,74.55739130434782608696,2022
Q14329180,Германия,47,40.31409090909090909091,2020
STX Finland,Финляндия,46,165.14471739130434782609,2015
Q3817603,Финляндия,46,233.09782608695652173913,2004
Q52276032,Норвегия,46,74.66976744186046511628,2011
Q11394144,Япония,46,134.49409090909090909091,2025
Lürssen Werft,Германия,45,96.90540540540540540541,2023
Q1297442,Норвегия,45,96.81459459459459459459,2015
Q763386,Франция,44,122.05145454545454545455,1973
Q1606052,Дания,44,64.82114285714285714286,1996
Q5166879,Великобритания,44,59.4,1947
Q6104202,Великобритания,44,135.54714285714285714286,1964
Q14552001,Германия,43,89.94348837209302325581,2016
Q17772480,Норвегия,43,81.41697674418604651163,2017
Q278500,Великобритания,43,66.98888888888888888889,1953
Q1063973,Великобритания,43,152.30666666666666666667,1959
William Gray & Company,Великобритания,43,135.14333333333333333333,1948
Q52280075,Норвегия,43,72.73205128205128205128,2009
Q1250754,Германия,43,57.348,2008
Q54986759,Испания,43,55.50325581395348837209,2022
Q56121072,Китай,43,123.03525,2024
Q84419790,Китай,43,271.08837209302325581395,2015
Арсенал флота в Сасэбо,Япония,42,149.26307692307692307692,1927
Q6379823,Япония,42,232.536,2007
Q52279283,Дания,42,72.83333333333333333333,1997
Q17083313,Турция,42,97.09380952380952380952,2023
Q11503599,Япония,41,68.18653658536585365854,2017
Q11962478,Норвегия,41,31.02602564102564102564,2021
Q10562558,Швеция,40,128.4905,1968
Q2560213,Германия,40,55.33875,1988
Q52278903,Норвегия,39,85.61153846153846153846,2022
Valmet,Финляндия,39,141.33,1986
Керченский судостроительный завод,Россия,39,130.42689655172413793103,2000
Керченский судостроительный завод,Украина,39,130.42689655172413793103,2000
Remontowa Shipbuilding,Польша,39,88.72805555555555555556,2020
Q7963812,США,39,0,1944
Austal USA,США,39,95.26846153846153846154,2018
Q52286492,Норвегия,39,78.15,2001
Q113698960,Индия,39,82.64432432432432432432,2023
Navantia,Испания,38,160.6265,2018
Военно-морской арсенал Куре,Япония,38,218.08,1944
Vickers Limited,Великобритания,38,137.36,1926
Q2868912,Франция,38,127.13432432432432432432,2002
Невский завод,Россия,38,220,1908
Q2463762,Испания,38,119.925,1996
Q4898067,США,38,166.125,1998
Q2742109,Испания,37,130.09714285714285714286,1969
Q1552142,Германия,37,72.41235294117647058824,1940
Q16842471,Великобритания,37,91.146875,1983
Q3437441,Швеция,37,209.55354838709677419355,1985
Q6478434,США,37,0,1945
Q6908150,США,37,164.95,1947
Q17145634,США,37,0,
Q1026563,Великобритания,36,109.97588235294117647059,1973
Joh. C. Tecklenborg,Германия,36,100.26454545454545454545,1927
Cantieri Riuniti dell'Adriatico,Италия,36,1358.60074074074074074074,1966
Кузница на Рыбальском,Украина,36,71.17558928571428571429,2009
Q1397597,Германия,36,40.53441176470588235294,2025
Q15637769,Польша,36,93.61941666666666666667,2022
Q21192982,Италия,36,147.4,2013
Q2279275,Нидерланды,36,104.32857142857142857143,2020
Puget Sound Naval Shipyard,США,36,182.05,1926
Q5095516,Нидерланды,36,100,1945
Q55071917,Нидерланды,36,55.40685714285714285714,2017
Q27957424,Великобритания,35,57.91,1903
Q4680167,Румыния,35,190.45823529411764705882,2020
Q26710910,Нидерланды,35,51.75171428571428571429,2014
Q1612886,Германия,35,80.9228125,1993
Warnowwerft Warnemünde,ГДР,34,151.24733333333333333333,1999
Q28569825,Великобритания,34,120.0775,1889
Q2043455,Германия,34,128.9430303030303030303,2014
Q6764149,Канада,34,160.47333333333333333333,1974
Hollming,Финляндия,34,90.1621875,1992
Q5522292,Индия,34,80.12,2008
Q108744148,Нидерланды,34,98.29323529411764705882,2002
Lockheed Shipbuilding and Construction Company,США,34,127.43363636363636363636,1974
Q805723,Литва,34,76.84740740740740740741,2025
Q2956394,Франция,33,128.56592592592592592593,1984
Штулкен,Германия,33,83.71321428571428571429,1964
Штулкен,Германский рейх,33,83.71321428571428571429,1964
Q891830,Индия,33,54.86,1848
Q7106970,Швеция,33,101.81851851851851851852,1995
Karstensens Skibsværft,Дания,33,64.47090909090909090909,2019
Ateliers et Chantiers de la Loire,Франция,33,180.19714285714285714286,1950
Q16536357,Италия,33,0,1930
Q2814406,Япония,33,125.25666666666666666667,1967
Q10448832,Китай,33,32.81125,2018
Cantieri Aeronautici e Navali Triestini,Королевство Италия,33,224.12333333333333333333,2003
Q22101730,Франция,32,171.93642857142857142857,1954
Q3655760,Италия,32,135.87,2003
Q7325319,Великобритания,32,41.09580645161290322581,1993
Q14683274,США,32,161.16357142857142857143,1966
Q20653412,Швеция,32,40.5828,1984
Q30687989,США,32,100.62721333333333333333,2025
Vickers Shipbuilding and Engineering,Великобритания,31,178.75076923076923076923,2002
Q637673,Нидерланды,31,144.19,1967
Тулон,Франция,31,31.57,1836
Q11874481,Финляндия,31,69.40428571428571428571,1990
Q8350285,Испания,31,187.96766666666666666667,2018
Q122182243,Россия,31,25.15222222222222222222,1991
Q17537921,Франция,31,72.03,1848
Q531348,Германия,30,77.64766666666666666667,1892
Q652491,Германия,30,109.36857142857142857143,1990
Q277630,Великобритания,30,132.186,1987
Q56432811,Испания,30,55.12006896551724137931,2026
Q20112666,Норвегия,30,29.80965517241379310345,2020
АО «Окская Судоверфь»,,30,128.736,2019
Q12358532,Финляндия,29,212.28172413793103448276,2008
Q10577472,Швеция,29,40.13346153846153846154,2008
Q29093553,США,29,91.06243793103448275862,2018
Брест,Франция,29,93.48428571428571428571,1877
Q5000378,Канада,29,110.99714285714285714286,1991
Q25425169,Норвегия,29,67.81642857142857142857,2000
Crichton-Vulcan,Финляндия,29,113.57681818181818181818,1976
Q7535498,США,29,0,1919
Q22120466,Япония,29,124.54592592592592592593,2025
Q104520574,Нидерланды,29,97.28896551724137931034,2017
Q11990799,Дания,28,145.78740740740740740741,1986
Q946123,Нидерланды,28,160.6085,1982
Q5599444,США,28,165.46857142857142857143,1959
Q2234114,Германия,28,108.09592592592592592593,1992
Q17101117,Великобритания,28,136.08636363636363636364,1989
Marinette Marine,США,28,90.832,2004
Q25511937,Норвегия,28,46.77851851851851851852,2020
Q56012145,Италия,28,45.02785714285714285714,2015
American Bridge Company,США,28,214,
Q2956390,Индия,27,114.85,2000
Натанаэль Грин Херрешофф,,27,0,1941
Q83981618,Нидерланды,27,87.38,2008
Q16565979,Испания,26,113.19230769230769230769,2019
Q12716462,Норвегия,26,68.8625,2017
Österreichische Schiffswerften AG,Австрия,26,82.75045454545454545455,2017
Q6535665,США,26,79.79066666666666666667,1982
Q87594828,Испания,26,119.54916666666666666667,2009
Q1442711,Канада,26,120.1695,2014
Q11613289,Япония,26,138.21958333333333333333,2025
Q2151069,Великобритания,26,103.25,1924
Q107072485,Китай,26,227.16956,2024
Q1959394,Германия,25,83.68136363636363636364,2010
Q1003299,Норвегия,25,120.8325,1981
Q3077291,Франция,25,138.97333333333333333333,1949
Q11158393,Норвегия,25,199.6275,2009
Q1475066,Великобритания,25,154.1,1955
Q47109392,Норвегия,25,101.04391304347826086957,2003
Q4866203,США,25,195.5,1953
Q17209885,Япония,25,99.2104,2015
Q1342306,Великобритания,24,168.75777777777777777778,1893
Q23042271,Норвегия,24,56.34230769230769230769,1978
Q1145749,Нидерланды,24,189.76764705882352941176,1963
Q6102195,Испания,24,84.985,1902
Q109101856,Нидерланды,24,71.52875,1986
Q5658399,США,24,203,1903
Q17011535,Канада,24,63.5,1955
Q6917118,Швеция,23,30.495,1916
Q49961350,Бельгия,23,139.62739130434782608696,1995
Q11972223,Норвегия,23,90.20944444444444444444,1982
Q1564994,Франция,23,58.09,1884
Q11382415,Япония,23,101.83565217391304347826,2016
Q7330990,США,23,111.65714285714285714286,1945
Рошфор,Франция,23,61.77666666666666666667,1855
Q5139443,Великобритания,23,62.41238095238095238095,1991
Q24860611,Япония,23,129.16681818181818181818,2017
Q61389895,Испания,23,87.01428571428571428571,2025
Q115162063,Китай,23,147.23043478260869565217,2015
Odero-Terni-Orlando,Италия,23,119.62222222222222222222,1947
Q820324,Швеция,22,36.495,1916
Q889813,Нидерланды,22,43.5955,1990
Mort's Dock,Австралия,22,123.58,1953
Q2688471,Нидерланды,22,78.45136363636363636364,2024
Q1333820,Германия,22,78.42954545454545454545,1994
Q11982099,Норвегия,22,95.97083333333333333333,1982
Q6175323,США,22,77.495,1985
Q7926851,Канада,22,99.96076923076923076923,1966
Q4804169,Чили,22,65.81857142857142857143,2017
Q5707447,Норвегия,22,70.45285714285714285714,2014
Cochin Shipyard,Индия,22,110.68863636363636363636,2014
Q115162004,Турция,22,105.88181818181818181818,2015
Q8010773,Великобритания,21,167.49,1961
Q2258010,Бельгия,21,150.72666666666666666667,1994
Лорьян,Франция,21,101.995,1877
Q18287543,Швеция,21,180.424375,1983
Q47136413,Норвегия,21,32.484,2002
Q19374770,Норвегия,21,142.43454545454545454545,1982
Q50942088,Нидерланды,21,85.24578947368421052632,2024
Q31843822,Хорватия,21,157.44428571428571428571,2019
Q14548994,Германия,21,33.11238095238095238095,1958
Q2506669,Великобритания,20,61.12,2005
Судоверфь Кавасаки,Японская империя,20,162.028,1930
Deutsche Werke,Германский рейх,20,222.41428571428571428571,1936
Q2868909,Франция,20,165.82833333333333333333,1987
Q809584,Великобритания,20,127.75636363636363636364,1969
Q12718333,Норвегия,20,51.427,1987
Q14685545,США,20,83.67,1884
Кралевица,Хорватия,20,87.33222222222222222222,2009
Q52278699,Норвегия,20,39.91222222222222222222,2009
Q17328871,Нидерланды,20,92.82,1979
Q7681729,США,20,0,1942
Q688581,Германия,20,69.47538461538461538462,1997
Ильичевский судоремонтный завод,Украина,20,31.90066666666666666667,1990
Гороховецкий судостроительный завод,Россия,20,40.4275,1992
Q57312653,Индонезия,20,48.235,2013
Q54165931,США,20,108.15266315789473684211,2025
Q1678193,Германия,19,42.55894736842105263158,1990
Q13188857,Германия,19,45.36388888888888888889,2022
Q3348682,Нидерланды,19,82.16473684210526315789,2023
Q7987425,Норвегия,19,33.564,1990
Q2597892,США,19,119.25,1946
Portsmouth NSY,США,19,0,1843
Q10275472,Бразилия,19,168.98526315789473684211,2014
Q102436595,Япония,19,188.80125,2014
Q109478920,Нидерланды,19,70.22,1986
Kaiserliche Werft Wilhelmshaven,Германия,19,129.64421052631578947368,
Kaiserliche Werft Wilhelmshaven,Германская империя,19,129.64421052631578947368,
Q2615597,,18,20.88,1907
Q47121131,Норвегия,18,50.85294117647058823529,1983
Q48816402,Великобритания,18,83.755,1932
Q5131143,Великобритания,18,75.54764705882352941176,1983
Q22126509,Япония,18,124.49555555555555555556,1995
Q30299580,Норвегия,18,44.77777777777777777778,2014
Umoe Mandal,Норвегия,18,49.27857142857142857143,2017
Q52502362,Норвегия,18,62.88888888888888888889,2023
Q1008067,Венгрия,18,71.51,1971
Huntington Ingalls Industries,США,18,240.11666666666666666667,
Electric Launch Company,США,18,0,
Kaiserliche Werft Kiel,Германская империя,17,121.25235294117647058824,1909
Q127634403,,17,133.4325,2023
Q1417678,Швеция,17,102.316,1979
Q3655764,Италия,17,88.13058823529411764706,2005
Вильям Генри Вебб,,17,0,1865
Q108102011,Турция,17,128.85454545454545454545,2013
Уильямстаунская верфь,Австралия,17,100.89,1973
Q118908044,Нидерланды,17,125.25705882352941176471,1996
Q1016857,Великобритания,17,106.4,1950
Q52502053,Норвегия,17,72.38647058823529411765,2021
Q20552874,Норвегия,17,86.164375,1983
Q47209820,Норвегия,17,90.173,1994
ОСТОН - завод имени С.М. Кирова,Россия,17,54.615,1991
Q3389169,Франция,17,49.45882352941176470588,2024
Q4732597,Канада,17,46.94470588235294117647,1997
Q18343358,Норвегия,17,113.17647058823529411765,2014
Пелла (завод),Россия,17,29.18285714285714285714,2016
Q5148015,Шри-Ланка,17,72.63928571428571428571,2022
Q1322196,Германия,17,302.53333333333333333333,1978
Q1151382,Великобритания,17,112.64888888888888888889,1904
Q886896,Великобритания,16,101.47,1958
Schlichting-Werft,Германия,16,94.11733333333333333333,1986
Q52502635,Норвегия,16,61.25928571428571428571,1978
Q5588432,Великобритания,16,78.3,1940
Q61861374,Испанская империя,16,61.3,1794
Q56161578,Сербия,16,96.473125,2005
Q5604346,Великобритания,16,158.8625,1965
Q6227785,Великобритания,16,102.4,1954
Q7987421,Норвегия,16,55.895,2000
Q16821144,США,16,0,1813
Q47108746,Норвегия,16,62.678125,1982
Q52276452,Норвегия,16,66.43266666666666666667,2001
Q47121943,Норвегия,16,65.12818181818181818182,1982
Q60989335,Китай,16,123.906,2024
Q61770120,Турция,16,88.46066666666666666667,2025
Q56436442,Нидерланды,16,76.613125,2020
Q63381408,Республика Корея,16,265.95125,2017
Q127687084,Китай,16,101.45375,2014
Q10718975,Швеция,16,20.05333333333333333333,1903
Q377674,Польша,15,71.56636363636363636364,2014
Q2792393,Бельгия,15,160.22625,1972
Q1543070,Великобритания,15,76.42222222222222222222,1966
Q97178247,Испания,15,144.38933333333333333333,2009
Q7889627,США,15,54.9,1942
Q20112906,Норвегия,15,64.47928571428571428571,1981
Q5253340,,15,166.36333333333333333333,1874
Astillero Río Santiago,Аргентина,15,138.66666666666666666667,2024
Q52277460,Норвегия,15,63.89230769230769230769,1992
Q128381292,Китай,15,172.58538461538461538462,2013
Ярославский судостроительный завод,,15,56.955,1993
Q10313115,Сингапур,15,153.15464285714285714286,2011
Q105572387,Соединённое королевство Великобритании и Ирландии,15,61.02,1917
Q75521129,Япония,15,0,
Q880959,Великобритания,14,91,1874
Q106202080,Испания,14,71.40428571428571428571,1988
Дональд Маккей,,14,71.06666666666666666667,1869
Walter Hood and Company,Великобритания,14,64.62,1895
Q3155843,Италия,14,134.21375,1983
Q7007381,США,14,131.885,1945
Q2535390,Германия,14,188.54,1929
Q20715102,США,14,203.61,1962
Seattle Construction and Drydock Company,США,14,294.775,1914
Q47091902,Норвегия,14,118.83333333333333333333,1910
Northrop Grumman Ship Systems,США,14,289.318,2003
Q10474862,Швеция,14,26.46166666666666666667,2019
Q17750722,Норвегия,14,60.23846153846153846154,1982
Q114762497,Бразилия,14,49.37571428571428571429,1838
Q55998846,Турция,14,84.97057142857142857143,2022
Q4939795,США,14,113.875,2021
Q54621315,,14,186,
Q1547220,,13,103.055,1912
Q897756,Германия,13,89.72461538461538461538,1996
Петрозавод,Россия,13,29.75,1967
Q5575109,Индия,13,66.62571428571428571429,2011
Walkers Limited,Австралия,13,0,1943
Q6663729,Великобритания,13,82,1955
Q56711451,Норвегия,13,98.05111111111111111111,1985
Судостроительный завод «Океан»,Украина,13,143.69,2007
Q12317546,Дания,13,32.53,2021
Q20391268,Египет,13,121.80666666666666666667,2007
Q3523533,Индия,13,109.84285714285714285714,2010
Q60607376,Германия,13,71.10538461538461538462,1996
Q61779982,Турция,13,118.51384615384615384615,2009
Q56239761,Нидерланды,13,91.80833333333333333333,2025
Q47455441,Норвегия,13,92.10384615384615384615,2021
Q2868911,Франция,13,0,
Q22101733,Канада,13,0,
Q10364786,Япония,13,0,
Q7226025,Канада,13,130,
Q115573248,Нидерланды,12,162.825,1998
Q11543253,Япония,12,173.5065,1942
Q297870,Чили,12,75.8625,2012
Q5709680,Испания,12,220.63666666666666666667,2000
Q3460164,Франция,12,219.28083333333333333333,2019
Q5092878,США,12,92.592,2019
Q22101742,,12,58.4,1908
Q1475054,Великобритания,12,136.45285714285714285714,1956
Q1882681,Нидерланды,12,146.21,1967
Q21036308,Германия,12,43.97083333333333333333,2017
Q5415904,Австралия,12,0,1943
Q3432552,Дания,12,61.99,1960
Q5895125,Китай,12,40.12916666666666666667,1972
Северное машиностроительное предприятие,Россия,12,90.73142857142857142857,2012
Q5079045,Великобритания,12,90.05714285714285714286,1959
Q6413598,Канада,12,0,1814
Q5458598,Великобритания,12,75.665,1956
Alabama Drydock and Shipbuilding Company,США,12,132.138,2002
Q6137738,Великобритания,12,52.73,1979
Q7673985,США,12,64.5825,1991
Q10542877,Швеция,12,63.5,1981
Q2166272,Великобритания,12,0,1925
Q2279934,Великобритания,12,257.75,1946
Q2803924,Нидерланды,12,49.04363636363636363636,2014
Q60429308,Япония,12,190.58416666666666666667,2000
Q131460976,Нидерланды,12,130.44727272727272727273,2024
Q52503428,Норвегия,12,36.968,2004
Q86718824,Норвегия,12,111.003,1982
Q7060207,США,12,141.53,1921
Амурский судостроительный завод,Россия,12,131.152,2009
Q2956410,Франция,12,91.90333333333333333333,
Q3276860,Испания,12,0,
Q7224811,,11,165.83,1990
Q870276,Германия,11,180.05636363636363636364,2021
Q6671056,Великобритания,11,139.6,1913
Q52263416,Норвегия,11,41.92,1982
Q1229954,Германия,11,67.79363636363636363636,1980
Q1229954,Германский рейх,11,67.79363636363636363636,1980
Q11288022,Великобритания,11,120.09,1902
Q8048969,Китай,11,125.49636363636363636364,2025
Cockerill-Ougrée,Бельгия,11,162.90909090909090909091,1980
Q7699876,,11,118,1996
Q60738807,Австралия,11,124.58,1968
Q6802713,,11,38.15727272727272727273,2003
Q1280552,Великобритания,11,0,1905
Q6236952,США,11,69.96,1957
Q19896633,,11,24.90545454545454545455,1959
Q26837618,Япония,11,61.40454545454545454545,2019
Kriegsmarinewerft Wilhelmshaven,Германия,11,187.61111111111111111111,1922
Q10589643,Швеция,11,69.435,1915
Q5348836,Норвегия,11,60.515,2010
Q106366881,Швеция,11,78.25111111111111111111,1987
Q5241717,Канада,11,134.80363636363636363636,1997
Q16606610,Испания,11,116.41909090909090909091,2014
Q7449144,,11,136.97727272727272727273,2024
Q121688957,Нидерланды,11,98.6,2015
Q18029550,Нидерланды,11,110.78111111111111111111,1963
Q2931199,Франция,11,30.87428571428571428571,2023
Burmester Werft,Германия,11,27.665,1970
Q4783172,Египет,11,72.81818181818181818182,2020
Q1030916,Великобритания,10,48.524,1999
Q18160199,Соединённое королевство Великобритании и Ирландии,10,86.62,1922
Q109028505,Испания,10,0,1768
Mitsubishi,Япония,10,213.902,1990
Q1769508,Германия,10,62.41111111111111111111,1960
Q6750274,США,10,140.32,1959
Perini Navi,Италия,10,64.609,2013
Q114799410,Португалия,10,67,1716
Q15054446,Италия,10,174.128,1929
Q7418903,Япония,10,190.48,2016
Q56277974,Китай,10,112.695,2003
Q654971,Нидерланды,10,258.4325,1975
Q2926119,Великобритания,10,60.055,1987
Q5895169,Китай,10,120,1938
Q3655757,Италия,10,44.07,1927
Q86667732,Италия,10,172.64142857142857142857,2023
Q1432254,Германия,10,51.06222222222222222222,1970
Q6104227,,10,56.965,2012
Q10318915,Португалия,10,120.09,1971
Chantiers et Ateliers Augustin Normand,Франция,10,86.53,1948
Q111058859,Нидерланды,10,80.744,1997
Q16569543,Испания,10,80.06666666666666666667,2008
Q26258863,Чехия,10,78.518,2005
Q99693171,Турция,10,90.84777777777777777778,2015
Q126907859,Китай,10,100.228,2011
Q84569580,Нидерланды,10,106.404,1966
Q135243132,Нидерланды,10,72.40111111111111111111,1978
Q118110475,Нидерланды,10,110.055,2000
Q4650301,Индия,10,134.0875,2013
Q122732470,Нидерланды,10,122.126,2004
Q131983362,Бельгия,10,98.20625,2016
Q124542421,Нидерланды,10,55.53333333333333333333,1979
Heesen Yachts,Нидерланды,10,42.556,2017
Q28229446,Италия,10,35.428,2006
Q17334709,Финляндия,10,103.3,1990
Q123865141,Китай,10,99.381,2022
Q115670336,Нидерланды,10,49.821,1962
Q2235333,Германия,10,70.67666666666666666667,1943
Джейкоб Аарон Вестервельт,,10,172.875,
Q58456899,Франция,10,32.97333333333333333333,2023
Q6503764,США,10,0,
Q5152503,США,10,0,
Q6105655,США,10,0,
Кастелламмаре-ди-Стабия,Италия,9,99.63333333333333333333,1936
Q672038,Швейцария,9,47.18333333333333333333,1914
Q369524,Венгрия,9,162.6875,1913
Q19373646,Норвегия,9,45.31142857142857142857,1995
Q67083915,Норвегия,9,120.76222222222222222222,2014
Q7705226,Османская империя,9,72.625,1829
Q124463941,Финляндия,9,134.81222222222222222222,1997
Рижская судоверфь,Латвия,9,46.69875,2009
Q11899761,Финляндия,9,59.33333333333333333333,2015
Q110655590,Швеция,9,79.04142857142857142857,1974
Q6860129,Великобритания,9,122.2475,1866
Q111892206,США,9,82.65428888888888888889,2016
Q20065205,Великобритания,9,0,1911
Q52502852,Норвегия,9,57.66125,1999
Q64932699,США,9,30.23,1971
Q57305687,Норвегия,9,41.79285714285714285714,2011
Q124159675,Дания,9,164.36222222222222222222,1994
Q111633923,Нидерланды,9,99.60555555555555555556,1966
Q56612012,Сингапур,9,64.37777777777777777778,2013
Q55949449,Норвегия,9,50.62625,2007
Q795618,Германия,9,28.6625,1992
Q124423258,Китай,9,176.215,2025
Q126366138,США,9,90.53111111111111111111,2018
St. Johns River Shipbuilding Company,США,9,134.6,1944
Q113571407,Нидерланды,9,45.3975,1966
Q2438322,Великобритания,9,85.61,
Ленинградский металлический завод,,9,98,
Q7228607,,9,0,
Dyle et Bacalan,,9,0,
Q845786,Бельгия,8,164.38166666666666666667,1975
Q3326593,Испания,8,177.40666666666666666667,2001
Q1362430,Германия,8,107.49428571428571428571,1968
Q15229083,Великобритания,8,144.125,1874
Q94972314,,8,31,1813
Q2251525,Германия,8,70.28714285714285714286,1973
Arctech Helsinki Shipyard,Финляндия,8,104.29625,2018
Пульман,США,8,57,1944
Q60619888,Германия,8,55.46875,1999
Q4796418,Бразилия,8,43.59,1938
Q14927575,Норвегия,8,83.29,1967
Q134413277,Болгария,8,160.83375,1986
Специя,Италия,8,0,1894
Q4834532,США,8,66.4641,2016
Q36878065,Чехия,8,89.4625,2000
Q115264430,Норвегия,8,44.21,2004
Q4937616,Швеция,8,26.1125,1999
Вашингтонская военно-морская верфь,США,8,0,1825
Q2235344,Германия,8,22.282,2005
Q6254386,Великобритания,8,179.55,1967
Q54165966,Норвегия,8,61.4525,1993
Q47087469,Норвегия,8,48.57285714285714285714,1979
Q3655744,Италия,8,97.71375,2012
Q10852472,Норвегия,8,125.02125,2022
Q2205021,Германия,8,87.15125,1963
Q2205021,Германский рейх,8,87.15125,1963
Q111725979,Польская Народная Республика,8,57.75,2011
Q122212865,Нидерланды,8,70.94625,1995
Q1021814,Германия,8,79.45142857142857142857,1984
Q15635042,Германия,8,35.53666666666666666667,1970
Q15635042,ГДР,8,35.53666666666666666667,1970
Q1715166,Германия,8,37.79,1970
Q107072312,Китай,8,182.36425,2024
Q20061713,Португалия,8,84.49125,2019
Q2175087,Германия,8,71.235,2008
Q1682990,Германия,8,35.72125,1923
Q1455638,Германия,8,55.91375,1928
Арсенал Фучжоу,Китай,8,0,
Сен-Мало,Франция,8,0,1780
Q7987797,,8,0,
Карлйохансверн,Норвегия,7,80.03333333333333333333,1964
Бенетти,Италия,7,59.68,2022
Q2235342,Австрия,7,75.756,1977
Q2289924,Великобритания,7,113.82333333333333333333,1957
Q812277,Германия,7,75.64833333333333333333,1971
Q61384576,Испания,7,99.73571428571428571429,2021
Q4834527,Великобритания,7,186.2,2020
Q2499714,Великобритания,7,181.454,1973
Сен-Назер,Франция,7,1369.51714285714285714286,2016
Q1795881,Германия,7,64.25,1972
Q16489077,Испания,7,140.5,2019
Q54874672,,7,77.57,1986
Astarsa,Аргентина,7,125.3775,1983
Q320058,Веймарская республика,7,66.64142857142857142857,1988
Средне-Невский судостроительный завод,Россия,7,57.8,2000
Q7603186,Австралия,7,86.048,1983
Q5348781,Норвегия,7,76.79428571428571428571,1992
COSCO,Китай,7,193.918,2019
Q6449578,Великобритания,7,188.5,2003
Q7231035,Канада,7,222.71428571428571428571,1979
Q1583714,Германия,7,82.35857142857142857143,1962
Q9350999,Польша,7,54.28285714285714285714,2007
Q23870433,Финляндия,7,90.00142857142857142857,2012
Q16178368,Республика Корея,7,153.34833333333333333333,1990
Q16178368,Генерал-губернаторство Корея,7,153.34833333333333333333,1990
General Dynamics,США,7,458.60333333333333333333,1986
Q6068515,,7,31.15285714285714285714,1983
Q3295104,Италия,7,81.922,2008
Q15883932,Нидерланды,7,134.78666666666666666667,1973
Q55855572,Китай,7,102.81166666666666666667,2013
Q18622932,Эстония,7,45,2018
Q109367900,Нидерланды,7,63.42285714285714285714,1982
Q124281878,Нидерланды,7,79.804,1973
Q124463215,Нидерланды,7,63.56428571428571428571,1977
Q2956386,Франция,7,166.02,1973
Q7640197,Республика Корея,7,217.02571428571428571429,2013
Q22672082,,7,41.09833333333333333333,2014
Q1497107,Германия,7,39.038,1914
Q107663081,США,7,74.27771428571428571429,2015
Q1549803,Великобритания,7,97.288,
Кировский завод,Россия,7,96,
Q6402927,Бангладеш,7,0,
Q15844307,Германия,7,26.9,
Q1065535,Великобритания,6,80.89,1875
Q22671523,Германия,6,55.825,1993
Бордо,Франция,6,0,1913
Q5221477,Вольный город Данциг,6,113.8575,1929
Q10680683,Швеция,6,43.86666666666666666667,1947
Военно-морской арсенал в городе Лорьян,Франция,6,129.5,1957
Q7545370,Канада,6,52.96666666666666666667,2012
Keppel Corporation,Сингапур,6,102.996,2011
Q25382933,Великобритания,6,85.3,1918
Q95511941,Франция,6,110,1866
Шербур-Октевиль,Франция,6,0,1809
Китайская корпорация тяжелого судостроения,Китай,6,253.88833333333333333333,2017
Q4700638,Норвегия,6,106.16666666666666666667,1984
STX Europe,Норвегия,6,235.74,2011
Q658546,Франция,6,225.76166666666666666667,1982
Q7569501,США,6,0,1945
Q358236,Германия,6,89.2,1962
Q134397568,США,6,402.79,1899
Q43082510,Финляндия,6,61.655,1938
Q43082510,Российская империя,6,61.655,1938
Q55956844,Норвегия,6,93.15333333333333333333,1986
Q1537695,Великобритания,6,58.55,1983
Q16323193,Дания,6,41.745,2006
Q11964703,Дания,6,24.965,2014
Q16295511,Великобритания,6,101.1,1920
Q1673688,Германия,6,84.74,1987
Q2868910,Франция,6,89.33,1966
Q10520540,Швеция,6,66.75166666666666666667,1956
Q59535663,Польша,6,82.94666666666666666667,2015
Q113279667,Нидерланды,6,135.95833333333333333333,2009
Море,Россия,6,35.11333333333333333333,1981
Море,Украина,6,35.11333333333333333333,1981
Q16536348,Италия,6,93.415,2001
Q56121139,Португалия,6,39.35166666666666666667,1993
Q90428675,Норвегия,6,28.375,2024
Израильские верфи,Израиль,6,89.95333333333333333333,2013
Q128934855,Нидерланды,6,72.00166666666666666667,1983
Q22569571,Нидерланды,6,158.41666666666666666667,1968
Q4700633,США,6,193.46666666666666666667,2024
Q134077306,Нидерланды,6,72.86,1962
China Merchants,Китай,6,157.64333333333333333333,2025
Судостроительная фирма «Алмаз»,Россия,6,54.15,2012
Q2880314,Германия,6,162.644,1982
Q2880314,Германский рейх,6,162.644,1982
Q85817257,Турция,6,88.472,2021
Q112567704,США,6,156.16666666666666666667,1980
Q109803205,Нидерланды,6,43.92,2023
Q135243259,Нидерланды,6,66.45833333333333333333,1959
Q1563326,Германия,6,21.99833333333333333333,2023
Q1184638,Германия,6,46.83,1967
Николаевское адмиралтейство,Украина,6,0,
Джеймс Бьюкенен Идс,,6,0,
Q11357149,Япония,6,0,1937
Q110417803,,6,0,2010
Q5149939,США,6,0,
Q8016906,,6,0,1868
Q11557417,Япония,6,0,
Q4884035,США,6,0,
Q136910929,Республика Корея,6,0,
Q7301399,США,6,0,
Q10670563,Швеция,6,15.405,1916
Q107974496,Германия,6,27.39666666666666666667,
Q12501564,Индонезия,5,97.75,2016
Q2567444,Германия,5,37.17,1905
Q50335714,Нидерланды,5,67.08666666666666666667,1910
Q2956404,Франция,5,123.494,1926
Q5155378,Португалия,5,68.01333333333333333333,1987
Alstom,Франция,5,1828.256,2016
Q1979526,Германия,5,61.57,2002
Tenix Pty Limited,Австралия,5,87.555,2010
Mitsui Group,Япония,5,257.585,1991
Q6791346,,5,0,1888
Q12310586,Дания,5,52,1999
Q12338285,Дания,5,56.96,2012
Q7676048,Китай,5,93.9,1941
Q12310534,,5,0,1807
Q3655755,Италия,5,128.695,1972
Philip and Son,Великобритания,5,44.94666666666666666667,1960
Главное адмиралтейство в Санкт-Петербурге,Россия,5,46.95,1749
Q11502551,Япония,5,131.938,1988
JFE Holdings,Япония,5,179.624,1999
Q2262344,,5,90.65,2008
Q4666725,,5,30.3,2001
Q5358613,Греция,5,160.984,2007
Cargill,США,5,0,1952
Q54202065,Норвегия,5,0,1992
Генри Экфорд,,5,0,1813
Q54211259,Норвегия,5,0,1930
Q6350748,Норвегия,5,84.325,1982
Q1103714,Великобритания,5,84.6,1913
Q97695107,Бельгия,5,57.945,1981
Q4816484,США,5,115.568,2009
J & G Thomson,,5,110.2,1883
Q1540429,Великобритания,5,151.572,1985
Q28686830,Япония,5,32.172,1997
Q56239772,Сербия,5,102.94,2011
Q56235954,Сербия,5,101.99,2005
Q47147176,Норвегия,5,171.44,2008
Q1471588,Венгрия,5,63.91,1854
Q2235329,Германия,5,73.91666666666666666667,1982
Q30638410,Финляндия,5,183.02675,2025
Q17747474,Мальта,5,103.24,2002
Джон Коккериль,Бельгия,5,131.225,1954
Q118641169,Нидерланды,5,113.516,2000
Q124546881,Испания,5,155.7,1990
Q107125988,Германия,5,86.18666666666666666667,1997
Q2126194,Нидерланды,5,103.5,1857
Q104879512,Великобритания,5,74.3,1992
Q7197204,,5,224.94,2014
Q27972486,Германия,5,31.2,1984
Q97219031,Турция,5,101.5,2017
Q124418673,Китай,5,148.2,2024
Q1466588,Германия,5,88.058,1958
Q1466588,Германский рейх,5,88.058,1958
ZPMC,Китай,5,169.915,2010
Q1322484,Швеция,5,86.545,1966
Q9070190,Испания,5,35.3,2018
Q2043009,Нидерланды,5,153.75,1979
Q6818390,США,5,140.7,1922
Q130425493,Индонезия,5,24.54,2023
Q125206384,Египет,5,73.5,2022
Q130899678,Китайская Республика (Тайвань),5,22.75,2010
Hanwha,Республика Корея,5,393.1,2025
Севастопольский морской завод,Россия,5,331,1931
Севастопольский морской завод,Украина,5,331,1931
Q1485970,Королевство Пруссия,5,51.22,
Q1485970,Вольный город Данциг,5,51.22,
Арсенал,Италия,5,50.35,
Венеция,Италия,5,46,
Q10474960,Швеция,5,14.5,1959
BHP Billiton,Австралия,5,135.62,
Пендик,Турция,5,99.56,
Голландская Ост-Индская компания,Республика Соединённых провинций,5,130,1681
Q95509547,Франция,5,0,1960
Q8003294,США,5,0,
Q6241099,,5,0,
Q6964934,Великобритания,5,87.52,1885
Гавр,Франция,5,0,1799
Q67076454,,5,0,1794
Q105443139,Германия,5,31.3225,
Q28225567,,5,0,
Q1676324,,4,26.825,1909
Q13529962,,4,64,1845
Q6711338,Швеция,4,76.005,1978
Daewoo,Республика Корея,4,331.74,2011
Babcock International,Великобритания,4,184.75,2020
Q19869166,Швеция,4,31.71,1924
Николаев,Украина,4,184,1992
Q2148016,Германия,4,59.75,1974
Q3394955,Испания,4,224.87,1997
Кралевица,Хорватия,4,67.5,2008
Q16994055,Великобритания,4,0,1785
Иранские военно-морские верфи,Иран,4,95,2023
Hellenic Shipyards,Греция,4,141,2005
Electric Boat,США,4,0,1942
Q113575643,США,4,0,1941
Q3655739,,4,89.15,1930
Q12321148,Дания,4,47.5,1919
Q52158840,США,4,0,1917
Q65691188,Норвегия,4,21.11,2018
Q2283968,Германия,4,37.53,1977
Q76189317,Франция,4,102,1969
Q87412644,Португалия,4,41.35,1995
Q44061496,Великобритания,4,38,2018
Q1252846,Испания,4,111.65,1964
Q57305668,Фарерские острова,4,55.7325,2001
Q137647902,Великобритания,4,61.50333333333333333333,1985
Q113516515,Испания,4,105,1981
Q11875321,Финляндия,4,27.705,1924
Q7963831,Австралия,4,0,1921
Q17107791,Канада,4,33.1425,2006
Q25067052,Нидерланды,4,34.43,2003
Q10417437,Швеция,4,90.41,1985
Q21505614,Великобритания,4,116.7125,2011
Q16889827,,4,133.5,2012
Q11794307,Польша,4,66.8825,1924
Q11794307,Германия,4,66.8825,1924
Q15273435,Великобритания,4,55.1,1956
Q7621806,Мексика,4,53.75,2019
Q1699354,Великобритания,4,99.65,1889
Q1778280,Норвегия,4,113.5,2019
Астраханская судоверфь,Россия,4,32.925,1993
Q125257676,Нидерланды,4,48.8,1960
Q135182495,Нидерланды,4,59.3175,1982
Q115051301,Нидерланды,4,76.84,1956
Q59240911,,4,93,1839
Q48913642,,4,80.855,2009
Q16218256,Польша,4,85.04,2010
Q116766227,Норвегия,4,20.39,2012
Q22100733,Китайская Республика (Тайвань),4,45.65,2001
Q110947883,Нидерланды,4,50.7875,1975
Q131565008,Китай,4,257.9,2011
Q6889166,Индия,4,67.02,2010
Q122574939,Китай,4,217.5,2023
Larsen & Toubro,Индия,4,144.1625,2016
Q135318427,Швеция,4,96.0725,1959
Q124420670,Республика Корея,4,167.83333333333333333333,2022
Q10275470,Бразилия,4,214.46666666666666666667,2015
Q6367782,Пакистан,4,156.55,1974
Q134312411,США,4,294.5,1889
Великобритания,Великобритания,4,31,1866
Q113652740,Германия,4,78,2022
Q23074227,США,4,142.5,1946
Q2235336,Германия,4,25.815,1997
Q15127417,Германия,4,26.7425,2015
Q1263383,Германия,4,24.96666666666666666667,1967
Q122517306,Нидерланды,4,75.17,1963
Q1973764,Германия,4,80.5,1959
Oto Melara,Италия,4,183.13,
Русское общество пароходства и торговли,Российская империя,4,0,
Q7258923,США,4,95.86,
Воронежское адмиралтейство,,4,0,
Q65048320,США,4,0,
Q3655770,Италия,4,96.05,
Рига,Латвия,4,0,
Q6140548,,4,0,
Q744233,Бельгия,4,170.5,
Q5270598,США,4,0,
Q19582082,,4,55,
Калькутта,Индия,4,0,1811
Бристоль,Великобритания,4,0,1794
Q6117813,США,4,0,
Q4916181,,4,62,
Q4648105,Великобритания,4,260.5,
Q6348465,США,4,0,
Q7491068,Швеция,4,0,
Воткинский завод,Россия,4,0,
Карлин,Чехия,4,44.14,
Q5617478,Объединённые Арабские Эмираты,4,62.48,
Q15844308,Германия,4,35.53,
Q30634547,,4,39.14,2022
Q84362563,Китай,4,22.84666666666666666667,
Q109412511,Китай,4,0,
Q109680518,Новая Зеландия,4,39.14,2011
Хельсингёр,Дания,3,129,2007
Q4834525,Великобритания,3,182.76666666666666666667,2004
Q123169690,США,3,100.796,2013
Филадельфия,США,3,91.27,1798
Абовская верфь,Швеция,3,0,1852
Абовская верфь,Российская империя,3,0,1852
Q8016655,Великобритания,3,81.575,1837
Thales,Франция,3,280,2020
Q16993938,Великобритания,3,38.7,1997
Нидерланды,Королевство Нидерландов,3,0,1857
Q119845954,Италия,3,177.26033333333333333333,2004
Q105019750,Финляндия,3,185.51,1991
Q10303899,Бразилия,3,168.26666666666666666667,1991
Q1307846,Соединённое королевство Великобритании и Ирландии,3,75.9,1896
Q197494,Великобритания,3,100.28,1935
"Дин, Энтони (старший)",,3,0,1673
BAE Systems Australia,Австралия,3,104.72333333333333333333,2013
Q4834533,Великобритания,3,152.26666666666666666667,2010
Q5757002,,3,0,1787
Джеймс Хэкетт,,3,0,1798
Q12676301,Литва,3,84.34,2010
Q12312210,,3,0,1808
Q65071133,,3,0,1813
Британская Ост-Индская компания,Соединённое королевство Великобритании и Ирландии,3,0,1824
Q6741882,Малайзия,3,151.6,1999
Q67012767,,3,0,1804
Q96115461,,3,0,1804
Q7176371,,3,0,1652
BAE Systems,Великобритания,3,176.73333333333333333333,2007
Q3230256,Франция,3,50,2009
Q54165976,Норвегия,3,45.05333333333333333333,1979
Q3700534,Чехия,3,20.3,1957
Q30926102,Япония,3,68.26,2001
Q7928998,США,3,110.13333333333333333333,2018
Q2235355,Германия,3,118.14,1915
Q19385839,Норвегия,3,66.21333333333333333333,1957
ST Engineering,Сингапур,3,161,2011
Q43025422,Франция,3,85.94333333333333333333,1973
Q34417933,Германия,3,30.1,1955
Q34417933,Германский рейх,3,30.1,1955
Q54175541,Норвегия,3,29.885,1970
Q7057104,Канада,3,54.9,1950
Q9630884,Португалия,3,48.38333333333333333333,2022
Q25028459,,3,48.8,1924
Q52682784,Норвегия,3,32.7,1982
Q52317584,Норвегия,3,38,1987
Q54166003,Норвегия,3,52.34,1979
Q124485935,Финляндия,3,54,1995
Q100605830,Норвегия,3,24.33333333333333333333,1994
Q12744192,,3,133.66666666666666666667,2010
Q66,США,3,24,1978
Q124570430,Хорватия,3,33.83,2017
Ла-Сьота,Франция,3,285.5,1978
Q47108264,Норвегия,3,62.84666666666666666667,2020
Q18688137,Нидерланды,3,123.86666666666666666667,1996
Q62063411,Китай,3,87.91,2018
Халич (верфь),Турция,3,64.14666666666666666667,1986
Q61466812,,3,0,1884
Q25382955,Великобритания,3,103.6,1911
Q85230816,Португалия,3,41.93333333333333333333,1908
Q112623574,Португалия,3,58.28333333333333333333,2014
Q129427764,Нидерланды,3,51.90666666666666666667,1982
Q19904469,,3,43.66333333333333333333,2014
Q135243112,,3,55.81,1959
Q87200290,,3,107.93666666666666666667,2014
Q25100782,Италия,3,49.78333333333333333333,2017
Q57404752,Сингапур,3,60.3,1984
Q106103966,Вьетнам,3,87.24666666666666666667,2010
China Shipping Group,Китай,3,244.95,2017
Q478752,Нидерланды,3,104.44333333333333333333,1954
Q136647792,Канада,3,23,2012
Q1260447,Германия,3,41.69666666666666666667,1964
Q6914000,Австралия,3,0,1910
Q11956623,Норвегия,3,60.18333333333333333333,1968
Q115129334,Турция,3,36.5,2021
Q127869050,Нидерланды,3,76.33,1954
Q763331,Германия,3,92.66,1964
Q106444702,США,3,75.15,2015
Q4751314,Бангладеш,3,80.85333333333333333333,2015
Q126002066,США,3,79.0956,2005
Q86718418,Норвегия,3,0,1924
Невский судостроительно-судоремонтный завод,Россия,3,140.5,2021
Q65059654,Китай,3,102.01,1984
Q134077070,,3,149.06666666666666666667,1951
Q20474542,Турция,3,107.81,1985
Q65072048,Финляндия,3,0,2023
Hitachi,Япония,3,150.9,1962
Q19958736,Швеция,3,0,1973
Q131628529,Филиппины,3,118,2021
Q109248288,Португалия,3,49.15,1766
Q113555582,Нидерланды,3,61.71666666666666666667,1964
Q95477088,Франция,3,0,1897
Q16999013,США,3,134,1938
Todd Pacific Shipyards,США,3,134.6,1944
Q1000042,Германия,3,55.86666666666666666667,
William R. Trigg Company,США,3,0,
Q5649928,,3,47.5,
San Francisco Naval Shipyard,США,3,0,
Messageries Maritimes,Франция,3,140.2,
Sulzer,Швейцария,3,40.7,
Ла-Сейн-сюр-Мер,Франция,3,0,
Q6701761,Великобритания,3,12.03333333333333333333,
Q16644259,Франция,3,0,2006
Q7390381,Перу,3,0,
Сондерс-Ро,Великобритания,3,0,
Санкт-Петербург,Россия,3,0,
Коломенский завод,Россия,3,196.83333333333333333333,
China State Shipbuilding Corporation,Китай,3,0,
Нант,Франция,3,0,1744
Q7150076,,3,68,
Q7942030,Великобритания,3,0,
Q6491503,,3,0,
Q9345905,Польша,3,0,
Q6246213,,3,0,
Q5083351,США,3,0,
Q15198738,США,3,0,
Q5184424,США,3,0,
Континентальная армия,США,3,0,1776
Континентальная армия,Тринадцать колоний,3,0,1776
Schneider et Cie,Франция,3,0,
Q116922394,Турция,3,99.56,
Q105872374,Германия,3,26.125,
Q19889154,,3,22.16666666666666666667,1909
Q22019485,,3,0,
Q86838057,Нидерланды,3,90.16,
Икорецкая верфь,,3,0,
Павловская верфь,,3,0,
Q90154854,Великобритания,3,0,1902
Q3398673,Франция,3,66.895,
Q131138062,Португалия,3,48.45,
